,code,name
0,688389,N普门
1,688202,N美迪西
2,688128,N中电研
3,688023,N安恒
4,600468,百利电气
5,600821,津劝业
6,002707,众信旅游
7,300313,天山生物
8,000913,钱江摩托
9,603825,华扬联众
10,603801,志邦家居
11,002808,恒久科技
12,300219,鸿利智汇
13,300551,古鳌科技
14,300799,左江科技
15,600812,华北制药
16,300782,卓胜微
17,300438,鹏辉能源
18,000673,当代东方
19,300793,佳禾智能
20,300014,亿纬锂能
21,300468,四方精创
22,300575,中旗股份
23,300566,激智科技
24,300345,红宇新材
25,300797,钢研纳克
26,601107,四川成渝
27,600195,中牧股份
28,600126,杭钢股份
29,603786,科博达
30,000818,航锦科技
31,300577,开润股份
32,000895,双汇发展
33,002235,安妮股份
34,603898,好莱客
35,002785,万里石
36,603659,璞泰来
37,300492,山鼎设计
38,300618,寒锐钴业
39,002291,星期六
40,002726,龙大肉食
41,600797,浙大网新
42,002487,大金重工
43,603920,世运电路
44,000720,新能泰山
45,000158,常山北明
46,002679,福建金森
47,300757,罗博特科
48,000049,德赛电池
49,002351,漫步者
50,603129,春风动力
51,603538,美诺华
52,002208,合肥城建
53,300168,万达信息
54,688199,N久日
55,000810,创维数字
56,002156,通富微电
57,002797,第一创业
58,002961,瑞达期货
59,002012,凯恩股份
60,002242,九阳股份
61,002191,劲嘉股份
62,300787,海能实业
63,603136,天目湖
64,603179,新泉股份
65,002475,立讯精密
66,600409,三友化工
67,002098,浔兴股份
68,300449,汉邦高科
69,600079,人福医药
70,603596,伯特利
71,300348,长亮科技
72,603816,顾家家居
73,002596,海南瑞泽
74,603799,华友钴业
75,300703,创源文化
76,000961,中南建设
77,600595,*ST中孚
78,603986,兆易创新
79,600654,*ST中安
80,603501,韦尔股份
81,601058,赛轮轮胎
82,000796,凯撒旅游
83,603956,威派格
84,603040,新坐标
85,300029,天龙光电
86,300530,达志科技
87,300750,宁德时代
88,002637,赞宇科技
89,300474,景嘉微
90,300360,炬华科技
91,000671,阳 光 城
92,000670,*ST盈方
93,300226,上海钢联
94,002716,ST金贵
95,000982,*ST 中绒
96,002962,五方光电
97,603227,雪峰科技
98,002948,青岛银行
99,002210,*ST飞马
100,300033,同花顺
101,600389,江山股份
102,002530,金财互联
103,603013,亚普股份
104,002220,ST天宝
105,002650,加加食品
106,002036,联创电子
107,600546,山煤国际
108,603668,天马科技
109,002518,科士达
110,002641,永高股份
111,002202,金风科技
112,300176,派生科技
113,600993,马应龙
114,002591,恒大高新
115,603068,博通集成
116,300073,当升科技
117,000610,西安旅游
118,603196,日播时尚
119,000951,中国重汽
120,300241,瑞丰光电
121,002292,奥飞娱乐
122,300302,同有科技
123,600071,凤凰光学
124,300629,新劲刚
125,002798,帝欧家居
126,002321,华英农业
127,002670,国盛金控
128,300510,金冠股份
129,600872,中炬高新
130,002603,以岭药业
131,600738,兰州民百
132,002496,辉丰股份
133,601100,恒立液压
134,600673,东阳光
135,603180,金牌厨柜
136,300727,润禾材料
137,300285,国瓷材料
138,300369,绿盟科技
139,002709,天赐材料
140,000712,锦龙股份
141,002534,杭锅股份
142,300541,先进数通
143,600779,水井坊
144,600677,航天通信
145,300529,健帆生物
146,603661,恒林股份
147,000582,北部湾港
148,603037,凯众股份
149,600363,联创光电
150,603355,莱克电气
151,603317,天味食品
152,300356,光一科技
153,000933,神火股份
154,300250,初灵信息
155,601128,常熟银行
156,002479,富春环保
157,601808,中海油服
158,603589,口子窖
159,002714,牧原股份
160,300322,硕贝德
161,300200,高盟新材
162,603103,横店影视
163,002812,恩捷股份
164,300037,新宙邦
165,002042,华孚时尚
166,300207,欣旺达
167,300233,金城医药
168,300613,富瀚微
169,600641,万业企业
170,600745,闻泰科技
171,002131,利欧股份
172,601968,宝钢包装
173,603197,保隆科技
174,300338,开元股份
175,002134,天津普林
176,300205,天喻信息
177,300368,汇金股份
178,300155,安居宝
179,002429,兆驰股份
180,603303,得邦照明
181,300001,特锐德
182,601519,大智慧
183,300780,德恩精工
184,300579,数字认证
185,300663,科蓝软件
186,600438,通威股份
187,300598,诚迈科技
188,603979,金诚信
189,600466,蓝光发展
190,300648,星云股份
191,000429,粤高速Ａ
192,000066,中国长城
193,002358,森源电气
194,603823,百合花
195,002084,海鸥住工
196,600933,爱柯迪
197,600572,康恩贝
198,002185,华天科技
199,300409,道氏技术
200,002087,新野纺织
201,000816,ST慧业
202,603385,惠达卫浴
203,002233,塔牌集团
204,300314,戴维医疗
205,300316,晶盛机电
206,603309,维力医疗
207,603026,石大胜华
208,603027,千禾味业
209,002019,亿帆医药
210,000987,越秀金控
211,002273,水晶光电
212,002280,联络互动
213,601717,郑煤机
214,600535,天士力
215,000851,高鸿股份
216,002200,*ST云投
217,300586,美联新材
218,603208,江山欧派
219,002810,山东赫达
220,000935,四川双马
221,603758,秦安股份
222,600271,航天信息
223,002959,小熊电器
224,601818,光大银行
225,002819,东方中科
226,603612,索通发展
227,601066,中信建投
228,600655,豫园股份
229,600209,ST罗顿
230,603615,茶花股份
231,600421,*ST仰帆
232,300177,中海达
233,603658,安图生物
234,300450,先导智能
235,002577,雷柏科技
236,600061,国投资本
237,600223,鲁商发展
238,600621,华鑫股份
239,002683,宏大爆破
240,002460,赣锋锂业
241,002179,中航光电
242,002466,天齐锂业
243,000502,绿景控股
244,601628,中国人寿
245,300584,海辰药业
246,002822,中装建设
247,300148,天舟文化
248,300113,顺网科技
249,300003,乐普医疗
250,000735,罗 牛 山
251,603181,皇马科技
252,603993,洛阳钼业
253,300681,英搏尔
254,002390,信邦制药
255,600975,新五丰
256,300661,圣邦股份
257,300760,迈瑞医疗
258,000999,华润三九
259,600505,西昌电力
260,600068,葛洲坝
261,002127,南极电商
262,000789,万年青
263,002048,宁波华翔
264,002181,粤 传 媒
265,002387,维信诺
266,000965,天保基建
267,300007,汉威科技
268,002695,煌上煌
269,300023,宝德股份
270,002234,民和股份
271,300464,星徽精密
272,000786,北新建材
273,000813,德展健康
274,002035,华帝股份
275,601992,金隅集团
276,601118,海南橡胶
277,000526,紫光学大
278,002958,青农商行
279,688018,乐鑫科技
280,002419,天虹股份
281,000557,西部创业
282,600687,*ST刚泰
283,300526,中潜股份
284,002428,云南锗业
285,600486,扬农化工
286,600666,*ST瑞德
287,601186,中国铁建
288,002371,北方华创
289,002597,金禾实业
290,002889,东方嘉盛
291,300432,富临精工
292,300647,超频三
293,300274,阳光电源
294,002073,软控股份
295,000877,天山股份
296,600387,海越能源
297,600816,安信信托
298,002751,易尚展示
299,002537,海联金汇
300,600690,海尔智家
301,002205,国统股份
302,600850,华东电脑
303,002183,怡 亚 通
304,002320,海峡股份
305,300792,壹网壹创
306,002130,沃尔核材
307,603214,爱婴室
308,600754,锦江酒店
309,600259,广晟有色
310,300548,博创科技
311,600555,海航创新
312,300229,拓尔思
313,300251,光线传媒
314,002746,仙坛股份
315,603096,新经典
316,600460,士兰微
317,300397,天和防务
318,000027,深圳能源
319,300568,星源材质
320,600998,九州通
321,600759,洲际油气
322,601966,玲珑轮胎
323,600261,阳光照明
324,300735,光弘科技
325,300083,劲胜智能
326,600837,海通证券
327,600703,三安光电
328,002515,金字火腿
329,300643,万通智控
330,002800,天顺股份
331,600055,万东医疗
332,601877,正泰电器
333,002369,卓翼科技
334,002521,齐峰新材
335,000416,民生控股
336,000977,浪潮信息
337,300414,中光防雷
338,002398,垒知集团
339,300303,聚飞光电
340,603519,立霸股份
341,603997,继峰股份
342,603086,先达股份
343,002831,裕同科技
344,000539,粤电力Ａ
345,000998,隆平高科
346,600483,福能股份
347,300604,长川科技
348,002783,凯龙股份
349,600266,北京城建
350,002001,新 和 成
351,002688,金河生物
352,000762,西藏矿业
353,603515,欧普照明
354,600643,爱建集团
355,600226,瀚叶股份
356,603808,歌力思
357,002570,贝因美
358,601838,成都银行
359,300769,德方纳米
360,300711,广哈通信
361,000921,海信家电
362,300116,坚瑞沃能
363,600777,新潮能源
364,300415,伊之密
365,000860,顺鑫农业
366,002692,ST远程
367,300257,开山股份
368,002572,索菲亚
369,002023,海特高新
370,600865,百大集团
371,603396,金辰股份
372,300194,福安药业
373,300259,新天科技
374,300152,科融环境
375,600597,光明乳业
376,000061,农 产 品
377,600325,华发股份
378,002138,顺络电子
379,000567,海德股份
380,002172,澳洋健康
381,600218,全柴动力
382,600749,西藏旅游
383,300371,汇中股份
384,300406,九强生物
385,000888,峨眉山Ａ
386,000156,华数传媒
387,002478,常宝股份
388,300131,英唐智控
389,603833,欧派家居
390,600720,祁连山
391,002197,证通电子
392,000025,特 力Ａ
393,600548,深高速
394,601229,上海银行
395,000031,大悦城
396,000688,国城矿业
397,002020,京新药业
398,600871,石化油服
399,600513,联环药业
400,002861,瀛通通讯
401,600383,金地集团
402,000046,泛海控股
403,002299,圣农发展
404,002445,ST中南
405,600446,金证股份
406,300632,光莆股份
407,601225,陕西煤业
408,600371,万向德农
409,600802,福建水泥
410,600965,福成股份
411,000807,云铝股份
412,000710,贝瑞基因
413,600155,华创阳安
414,000878,云南铜业
415,603093,南华期货
416,600928,西安银行
417,002769,普路通
418,002381,双箭股份
419,002221,东华能源
420,600642,申能股份
421,600233,圆通速递
422,002495,佳隆股份
423,300072,三聚环保
424,601668,中国建筑
425,002575,群兴玩具
426,600480,凌云股份
427,601860,紫金银行
428,600062,华润双鹤
429,600285,羚锐制药
430,600769,祥龙电业
431,002505,大康农业
432,000996,中国中期
433,000686,东北证券
434,300189,神农科技
435,002182,云海金属
436,002465,海格通信
437,600083,博信股份
438,601216,君正集团
439,002888,惠威科技
440,603298,杭叉集团
441,600733,北汽蓝谷
442,002653,海思科
443,002809,红墙股份
444,002315,焦点科技
445,600000,浦发银行
446,600291,西水股份
447,300077,国民技术
448,603876,鼎胜新材
449,000971,*ST高升
450,600060,海信电器
451,603699,纽威股份
452,603228,景旺电子
453,600230,沧州大化
454,600583,海油工程
455,300178,腾邦国际
456,000058,深 赛 格
457,603790,雅运股份
458,600926,杭州银行
459,600030,中信证券
460,603819,神力股份
461,601319,中国人保
462,600467,好当家
463,600373,中文传媒
464,600571,信雅达
465,000890,法 尔 胜
466,300695,兆丰股份
467,002578,闽发铝业
468,002807,江阴银行
469,601163,三角轮胎
470,300275,梅安森
471,600340,华夏幸福
472,600831,广电网络
473,601878,浙商证券
474,002818,富森美
475,300141,和顺电气
476,300039,上海凯宝
477,000800,一汽轿车
478,600681,百川能源
479,300436,广生堂
480,603036,如通股份
481,601881,中国银河
482,002587,奥拓电子
483,600919,江苏银行
484,603323,苏农银行
485,002263,*ST东南
486,600884,杉杉股份
487,300669,沪宁股份
488,600423,*ST柳化
489,000613,大东海A
490,002332,仙琚制药
491,600996,贵广网络
492,600829,人民同泰
493,600439,瑞贝卡
494,600246,万通地产
495,603806,福斯特
496,002074,国轩高科
497,600362,江西铜业
498,002528,英飞拓
499,603507,振江股份
500,002766,*ST索菱
501,002375,亚厦股份
502,600201,生物股份
503,600120,浙江东方
504,002151,北斗星通
505,000797,中国武夷
506,603028,赛福天
507,002324,普利特
508,002207,ST准油
509,000886,海南高速
510,601577,长沙银行
511,000563,陕国投Ａ
512,603881,数据港
513,002203,海亮股份
514,000915,山大华特
515,300054,鼎龙股份
516,600909,华安证券
517,600887,伊利股份
518,002848,高斯贝尔
519,603160,汇顶科技
520,000852,石化机械
521,300452,山河药辅
522,002966,苏州银行
523,601169,北京银行
524,300718,长盛轴承
525,300655,晶瑞股份
526,603757,大元泵业
527,002373,千方科技
528,300709,精研科技
529,002268,卫 士 通
530,600009,上海机场
531,002028,思源电气
532,002701,奥瑞金
533,002407,多氟多
534,000537,广宇发展
535,600455,博通股份
536,601108,财通证券
537,300139,晓程科技
538,300775,三角防务
539,603580,艾艾精工
540,603383,顶点软件
541,300429,强力新材
542,002415,海康威视
543,002903,宇环数控
544,603018,中设集团
545,300622,博士眼镜
546,000001,平安银行
547,600479,千金药业
548,600348,阳泉煤业
549,603042,华脉科技
550,300587,天铁股份
551,002331,皖通科技
552,600106,重庆路桥
553,300295,三六五网
554,603043,广州酒家
555,300181,佐力药业
556,002286,保龄宝
557,000889,中嘉博创
558,300027,华谊兄弟
559,000601,韶能股份
560,600782,新钢股份
561,002171,楚江新材
562,002425,凯撒文化
563,603225,新凤鸣
564,600787,中储股份
565,603609,禾丰牧业
566,000573,粤宏远Ａ
567,000155,川能动力
568,600093,易见股份
569,002296,辉煌科技
570,300277,海联讯
571,002309,中利集团
572,600036,招商银行
573,603398,邦宝益智
574,603161,科华控股
575,002500,山西证券
576,600962,国投中鲁
577,300196,长海股份
578,002850,科达利
579,002761,多喜爱
580,002612,朗姿股份
581,300052,中青宝
582,000702,正虹科技
583,002949,华阳国际
584,002732,燕塘乳业
585,300790,宇瞳光学
586,603486,科沃斯
587,600978,宜华生活
588,002302,西部建设
589,002095,生 意 宝
590,601999,出版传媒
591,000166,申万宏源
592,600216,浙江医药
593,601009,南京银行
594,002047,宝鹰股份
595,002356,*ST赫美
596,002128,露天煤业
597,300318,博晖创新
598,600188,兖州煤业
599,000828,东莞控股
600,601328,交通银行
601,600678,四川金顶
602,000682,东方电子
603,603811,诚意药业
604,002853,皮阿诺
605,601919,中远海控
606,002801,微光股份
607,601990,南京证券
608,002736,国信证券
609,603637,镇海股份
610,300239,东宝生物
611,600048,保利地产
612,300271,华宇软件
613,600719,大连热电
614,300494,盛天网络
615,000065,北方国际
616,002422,科伦药业
617,002805,丰元股份
618,300770,新媒股份
619,688019,安集科技
620,300470,日机密封
621,002318,久立特材
622,002594,比亚迪
623,002213,特 尔 佳
624,601390,中国中铁
625,002278,神开股份
626,300498,温氏股份
627,002840,华统股份
628,603662,柯力传感
629,300376,易事特
630,002108,沧州明珠
631,600958,东方证券
632,002059,云南旅游
633,002933,新兴装备
634,600020,中原高速
635,600167,联美控股
636,002110,三钢闽光
637,603313,梦百合
638,600084,*ST中葡
639,002224,三 力 士
640,600458,时代新材
641,300567,精测电子
642,600170,上海建工
643,002839,张家港行
644,300684,中石科技
645,601211,国泰君安
646,300246,宝莱特
647,601336,新华保险
648,002549,凯美特气
649,600603,广汇物流
650,600425,青松建化
651,603300,华铁应急
652,603326,我乐家居
653,000776,广发证券
654,600193,ST创兴
655,603866,桃李面包
656,300326,凯利泰
657,000419,通程控股
658,600016,民生银行
659,600376,首开股份
660,300542,新晨科技
661,000517,荣安地产
662,603879,永悦科技
663,600027,华电国际
664,600150,中国船舶
665,000401,冀东水泥
666,000069,华侨城Ａ
667,002627,宜昌交运
668,000652,泰达股份
669,002937,兴瑞科技
670,600695,绿庭投资
671,002859,洁美科技
672,603315,福鞍股份
673,603788,宁波高发
674,600971,恒源煤电
675,601311,骆驼股份
676,300660,江苏雷利
677,300631,久吾高科
678,000811,冰轮环境
679,300608,思特奇
680,000960,锡业股份
681,002253,川大智胜
682,300761,立华股份
683,300242,佳云科技
684,300097,智云股份
685,002135,东南网架
686,600867,通化东宝
687,300777,中简科技
688,600908,无锡银行
689,300533,冰川网络
690,000611,*ST天首
691,600496,精工钢构
692,300169,天晟新材
693,600179,ST安通
694,600660,福耀玻璃
695,600718,东软集团
696,603868,飞科电器
697,600307,酒钢宏兴
698,600206,有研新材
699,300213,佳讯飞鸿
700,300399,京天利
701,300475,聚隆科技
702,000711,京蓝科技
703,300426,唐德影视
704,600064,南京高科
705,000638,万方发展
706,002404,嘉欣丝绸
707,300059,东方财富
708,600976,健民集团
709,600015,华夏银行
710,002916,深南电路
711,600151,航天机电
712,002230,科大讯飞
713,300124,汇川技术
714,603688,石英股份
715,002931,锋龙股份
716,600536,中国软件
717,600026,中远海能
718,300571,平治信息
719,600785,新华百货
720,603939,益丰药房
721,600683,京投发展
722,002236,大华股份
723,002926,华西证券
724,603079,圣达生物
725,300788,中信出版
726,002458,益生股份
727,601375,中原证券
728,002827,高争民爆
729,600639,浦东金桥
730,002522,浙江众成
731,300737,科顺股份
732,600326,西藏天路
733,300106,西部牧业
734,002833,弘亚数控
735,002117,东港股份
736,000007,全新好
737,002673,西部证券
738,300609,汇纳科技
739,002160,常铝股份
740,300385,雪浪环境
741,002311,海大集团
742,603886,元祖股份
743,002276,万马股份
744,002011,盾安环境
745,603477,振静股份
746,002081,金 螳 螂
747,600739,辽宁成大
748,002293,罗莱生活
749,002918,蒙娜丽莎
750,000005,世纪星源
751,300209,天泽信息
752,300249,依米康
753,601038,一拖股份
754,600097,开创国际
755,600056,中国医药
756,000555,神州信息
757,603929,亚翔集成
758,000559,万向钱潮
759,000043,中航善达
760,600123,兰花科创
761,000883,湖北能源
762,002397,梦洁股份
763,603338,浙江鼎力
764,601137,博威合金
765,002678,珠江钢琴
766,002444,巨星科技
767,000729,燕京啤酒
768,000932,华菱钢铁
769,300477,合纵科技
770,603567,珍宝岛
771,002241,歌尔股份
772,002938,鹏鼎控股
773,000612,焦作万方
774,002312,三泰控股
775,000016,深康佳Ａ
776,601998,中信银行
777,300480,光力科技
778,300701,森霸传感
779,600717,天津港
780,600219,南山铝业
781,002102,ST冠福
782,002440,闰土股份
783,601098,中南传媒
784,603363,傲农生物
785,002217,合力泰
786,002675,东诚药业
787,603730,岱美股份
788,000900,现代投资
789,600433,冠豪高新
790,601636,旗滨集团
791,300105,龙源技术
792,002222,福晶科技
793,603663,三祥新材
794,002677,浙江美大
795,300638,广和通
796,000626,远大控股
797,601952,苏垦农发
798,002091,江苏国泰
799,600161,天坛生物
800,002362,汉王科技
801,601918,新集能源
802,600039,四川路桥
803,600490,鹏欣资源
804,600177,雅戈尔
805,300581,晨曦航空
806,603855,华荣股份
807,000785,武汉中商
808,600885,宏发股份
809,002308,威创股份
810,002052,同洲电子
811,002016,世荣兆业
812,002294,信立泰
813,601198,东兴证券
814,601099,太平洋
815,603709,中源家居
816,600875,东方电气
817,300296,利亚德
818,002900,哈三联
819,000096,广聚能源
820,002837,英维克
821,000962,东方钽业
822,600301,ST南化
823,000722,湖南发展
824,603266,天龙股份
825,600889,南京化纤
826,603177,德创环保
827,002922,伊戈尔
828,600369,西南证券
829,002212,南洋股份
830,600606,绿地控股
831,002176,江特电机
832,002261,拓维信息
833,600035,楚天高速
834,000606,顺利办
835,002817,黄山胶囊
836,300531,优博讯
837,600856,ST中天
838,300212,易华录
839,002103,广博股份
840,603199,九华旅游
841,600292,远达环保
842,601600,中国铝业
843,300026,红日药业
844,002300,太阳电缆
845,000677,恒天海龙
846,002824,和胜股份
847,000525,红 太 阳
848,000868,*ST安凯
849,601595,上海电影
850,600705,中航资本
851,601158,重庆水务
852,000622,恒立实业
853,600735,新华锦
854,601166,兴业银行
855,600298,安琪酵母
856,000953,*ST河化
857,600118,中国卫星
858,300085,银之杰
859,600368,五洲交通
860,002828,贝肯能源
861,002936,郑州银行
862,002423,中粮资本
863,601236,红塔证券
864,000415,渤海租赁
865,002258,利尔化学
866,002399,海普瑞
867,002024,苏宁易购
868,603106,恒银金融
869,002511,中顺洁柔
870,300781,因赛集团
871,603005,晶方科技
872,300667,必创科技
873,603738,泰晶科技
874,600385,*ST金泰
875,300136,信维通信
876,000937,冀中能源
877,300161,华中数控
878,300463,迈克生物
879,600295,鄂尔多斯
880,002153,石基信息
881,601601,中国太保
882,002862,实丰文化
883,001872,招商港口
884,600901,江苏租赁
885,300377,赢时胜
886,601608,中信重工
887,000981,ST银亿
888,000045,深纺织Ａ
889,002111,威海广泰
890,000590,启迪古汉
891,000516,国际医学
892,601117,中国化学
893,000488,晨鸣纸业
894,300580,贝斯特
895,000750,国海证券
896,603937,丽岛新材
897,600109,国金证券
898,600711,盛屯矿业
899,600674,川投能源
900,600354,敦煌种业
901,002750,龙津药业
902,603826,坤彩科技
903,300206,理邦仪器
904,600426,华鲁恒升
905,300561,汇金科技
906,601991,大唐发电
907,603288,海天味业
908,300488,恒锋工具
909,601615,明阳智能
910,002690,美亚光电
911,000833,粤桂股份
912,000831,五矿稀土
913,600737,中粮糖业
914,000538,云南白药
915,600657,信达地产
916,300489,中飞股份
917,600058,五矿发展
918,600528,中铁工业
919,603848,好太太
920,600616,金枫酒业
921,000850,华茂股份
922,300188,美亚柏科
923,002005,*ST德豪
924,000778,新兴铸管
925,000721,西安饮食
926,603628,清源股份
927,600299,安迪苏
928,601377,兴业证券
929,300267,尔康制药
930,300520,科大国创
931,300114,中航电测
932,601138,工业富联
933,300732,设研院
934,002540,亚太科技
935,600317,营口港
936,002247,聚力文化
937,603630,拉芳家化
938,601633,长城汽车
939,600395,盘江股份
940,002383,合众思壮
941,002908,德生科技
942,002483,润邦股份
943,300748,金力永磁
944,002654,万润科技
945,603687,大胜达
946,601101,昊华能源
947,603069,海汽集团
948,600515,海航基础
949,002660,茂硕电源
950,603158,腾龙股份
951,000923,河北宣工
952,603611,诺力股份
953,603032,德新交运
954,600313,农发种业
955,002030,达安基因
956,000783,长江证券
957,001696,宗申动力
958,000505,京粮控股
959,000531,穗恒运Ａ
960,600622,光大嘉宝
961,002106,莱宝高科
962,000758,中色股份
963,603838,四通股份
964,300087,荃银高科
965,300331,苏大维格
966,603915,国茂股份
967,601618,中国中冶
968,300292,吴通控股
969,601019,山东出版
970,002657,中科金财
971,002078,太阳纸业
972,002140,东华科技
973,300616,尚品宅配
974,601001,大同煤业
975,600095,哈高科
976,300486,东杰智能
977,600773,西藏城投
978,600176,中国巨石
979,600580,卧龙电驱
980,002846,英联股份
981,601598,中国外运
982,600076,康欣新材
983,601298,青岛港
984,601106,中国一重
985,000997,新 大 陆
986,002728,特一药业
987,002029,七 匹 狼
988,002629,*ST仁智
989,000728,国元证券
990,000547,航天发展
991,002307,北新路桥
992,000980,众泰汽车
993,002960,青鸟消防
994,600085,同仁堂
995,603863,松炀资源
996,603933,睿能科技
997,600497,驰宏锌锗
998,300466,赛摩电气
999,600111,北方稀土
1000,600755,厦门国贸
1001,002681,奋达科技
1002,002841,视源股份
1003,002175,*ST东网
1004,002009,天奇股份
1005,603999,读者传媒
1006,603888,新华网
1007,002186,全 聚 德
1008,002340,格林美
1009,002003,伟星股份
1010,600234,*ST山水
1011,688008,澜起科技
1012,002449,国星光电
1013,600820,隧道股份
1014,600713,南京医药
1015,300635,中达安
1016,000988,华工科技
1017,002674,兴业科技
1018,300306,远方信息
1019,000898,鞍钢股份
1020,002939,长城证券
1021,000597,东北制药
1022,600332,白云山
1023,601500,通用股份
1024,300183,东软载波
1025,000869,张 裕Ａ
1026,002950,奥美医疗
1027,603077,和邦生物
1028,601555,东吴证券
1029,600881,亚泰集团
1030,002281,光迅科技
1031,300130,新国都
1032,601233,桐昆股份
1033,600033,福建高速
1034,002638,勤上股份
1035,002067,景兴纸业
1036,601333,广深铁路
1037,600225,天津松江
1038,603167,渤海轮渡
1039,300118,东方日升
1040,600390,五矿资本
1041,600282,南钢股份
1042,000009,中国宝安
1043,600081,东风科技
1044,600970,中材国际
1045,000990,诚志股份
1046,300642,透景生命
1047,002083,孚日股份
1048,300705,九典制药
1049,601997,贵阳银行
1050,600537,亿晶光电
1051,002346,柘中股份
1052,000716,黑芝麻
1053,603976,正川股份
1054,603601,再升科技
1055,002768,国恩股份
1056,002433,太安堂
1057,000623,吉林敖东
1058,603059,倍加洁
1059,002277,友阿股份
1060,603587,地素时尚
1061,600059,古越龙山
1062,300493,润欣科技
1063,002852,道道全
1064,600858,银座股份
1065,002610,爱康科技
1066,000687,华讯方舟
1067,000039,中集集团
1068,603331,百达精工
1069,600028,中国石化
1070,600792,云煤能源
1071,603021,山东华鹏
1072,601727,上海电气
1073,600098,广州发展
1074,600811,东方集团
1075,300556,丝路视觉
1076,002119,康强电子
1077,600763,通策医疗
1078,002737,葵花药业
1079,600699,均胜电子
1080,300121,阳谷华泰
1081,600459,贵研铂业
1082,601788,光大证券
1083,600392,盛和资源
1084,002820,桂发祥
1085,000893,东凌国际
1086,600186,*ST莲花
1087,601985,中国核电
1088,600500,中化国际
1089,600980,北矿科技
1090,300380,安硕信息
1091,601231,环旭电子
1092,000021,深科技
1093,600793,宜宾纸业
1094,002488,金固股份
1095,603665,康隆达
1096,002075,沙钢股份
1097,600191,华资实业
1098,300339,润和软件
1099,000430,张家界
1100,600886,国投电力
1101,600359,新农开发
1102,600171,上海贝岭
1103,001979,招商蛇口
1104,600063,皖维高新
1105,000678,襄阳轴承
1106,600352,浙江龙盛
1107,002389,航天彩虹
1108,002580,圣阳股份
1109,002126,银轮股份
1110,603368,柳药股份
1111,600570,恒生电子
1112,000911,*ST 南糖
1113,600135,乐凯胶片
1114,002162,悦心健康
1115,002287,奇正藏药
1116,300712,永福股份
1117,603638,艾迪精密
1118,000501,鄂武商Ａ
1119,000726,鲁 泰Ａ
1120,002957,科瑞技术
1121,002867,周大生
1122,300413,芒果超媒
1123,002413,雷科防务
1124,600037,歌华有线
1125,601801,皖新传媒
1126,601766,中国中车
1127,600999,招商证券
1128,002656,摩登大道
1129,000791,甘肃电投
1130,603530,神马电力
1131,002643,万润股份
1132,603166,福达股份
1133,601939,建设银行
1134,300088,长信科技
1135,300602,飞荣达
1136,002696,百洋股份
1137,600995,文山电力
1138,300127,银河磁体
1139,601988,中国银行
1140,002499,*ST科林
1141,002301,齐心集团
1142,000585,ST东电
1143,601168,西部矿业
1144,002757,南兴股份
1145,002780,三夫户外
1146,300603,立昂技术
1147,600761,安徽合力
1148,600830,香溢融通
1149,000661,长春高新
1150,000733,振华科技
1151,002366,台海核电
1152,601200,上海环境
1153,600936,广西广电
1154,002065,东华软件
1155,002097,山河智能
1156,002058,威 尔 泰
1157,600012,皖通高速
1158,002238,天威视讯
1159,002051,中工国际
1160,601666,平煤股份
1161,600800,天津磁卡
1162,601228,广州港
1163,600456,宝钛股份
1164,300434,金石亚药
1165,002883,中设股份
1166,000825,太钢不锈
1167,300218,安利股份
1168,600736,苏州高新
1169,600652,*ST游久
1170,002733,雄韬股份
1171,300416,苏试试验
1172,000909,数源科技
1173,600750,江中药业
1174,000732,泰禾集团
1175,600609,金杯汽车
1176,600023,浙能电力
1177,600158,中体产业
1178,600651,飞乐音响
1179,600415,小商品城
1180,300478,杭州高新
1181,000848,承德露露
1182,603236,移远通信
1183,601688,华泰证券
1184,300652,雷迪克
1185,600067,冠城大通
1186,002647,仁东控股
1187,000507,珠海港
1188,000062,深圳华强
1189,600232,金鹰股份
1190,300182,捷成股份
1191,600258,首旅酒店
1192,300143,盈康生命
1193,002507,涪陵榨菜
1194,600448,华纺股份
1195,600757,长江传媒
1196,600309,万华化学
1197,300418,昆仑万维
1198,300420,五洋停车
1199,000060,中金岭南
1200,000958,东方能源
1201,601880,大连港
1202,600611,大众交通
1203,600507,方大特钢
1204,600110,诺德股份
1205,603677,奇精机械
1206,600323,瀚蓝环境
1207,601226,华电重工
1208,600461,洪城水业
1209,600328,兰太实业
1210,600103,青山纸业
1211,002469,三维工程
1212,002031,巨轮智能
1213,000727,华东科技
1214,600269,赣粤高速
1215,002685,华东重机
1216,600101,明星电力
1217,601929,吉视传媒
1218,002686,亿利达
1219,300653,正海生物
1220,000967,盈峰环境
1221,002723,金莱特
1222,000668,荣丰控股
1223,603598,引力传媒
1224,600315,上海家化
1225,300317,珈伟新能
1226,002063,远光软件
1227,600377,宁沪高速
1228,300439,美康生物
1229,600893,航发动力
1230,002843,泰嘉股份
1231,603815,交建股份
1232,603279,景津环保
1233,603023,威帝股份
1234,600420,现代制药
1235,300353,东土科技
1236,000420,吉林化纤
1237,002209,达 意 隆
1238,002211,宏达新材
1239,000338,潍柴动力
1240,300773,拉卡拉
1241,000630,铜陵有色
1242,300487,蓝晓科技
1243,000589,贵州轮胎
1244,600804,鹏博士
1245,603909,合诚股份
1246,002531,天顺风能
1247,000822,山东海化
1248,000571,*ST大洲
1249,002146,荣盛发展
1250,002772,众兴菌业
1251,600220,江苏阳光
1252,000564,供销大集
1253,002463,沪电股份
1254,600510,黑牡丹
1255,300786,国林环保
1256,002165,红 宝 丽
1257,300367,东方网力
1258,600900,长江电力
1259,300679,电连技术
1260,300211,亿通科技
1261,603116,红蜻蜓
1262,601222,林洋能源
1263,000639,西王食品
1264,601858,中国科传
1265,601901,方正证券
1266,600318,新力金融
1267,000581,威孚高科
1268,600168,武汉控股
1269,000425,徐工机械
1270,000656,金科股份
1271,000809,铁岭新城
1272,002484,江海股份
1273,000553,安道麦A
1274,000513,丽珠集团
1275,002727,一心堂
1276,600825,新华传媒
1277,300288,朗玛信息
1278,600809,山西汾酒
1279,600864,哈投股份
1280,601699,潞安环能
1281,000876,新 希 望
1282,600289,*ST信通
1283,300535,达威股份
1284,600897,厦门空港
1285,600722,金牛化工
1286,600795,国电电力
1287,300639,凯普生物
1288,002693,双成药业
1289,002040,南 京 港
1290,002945,华林证券
1291,600517,置信电气
1292,000899,赣能股份
1293,000333,美的集团
1294,300593,新雷能
1295,002408,齐翔腾达
1296,600874,创业环保
1297,002101,广东鸿图
1298,002076,雪 莱 特
1299,002624,完美世界
1300,002456,欧菲光
1301,600202,哈空调
1302,000815,美利云
1303,300224,正海磁材
1304,300623,捷捷微电
1305,000413,东旭光电
1306,002004,华邦健康
1307,603058,永吉股份
1308,600463,空港股份
1309,300323,华灿光电
1310,603367,辰欣药业
1311,300043,星辉娱乐
1312,002543,万和电气
1313,300731,科创新源
1314,300658,延江股份
1315,300633,开立医疗
1316,600075,新疆天业
1317,002608,江苏国信
1318,002815,崇达技术
1319,603718,海利生物
1320,600449,宁夏建材
1321,600159,大龙地产
1322,603778,乾景园林
1323,000616,海航投资
1324,600562,国睿科技
1325,300031,宝通科技
1326,000928,中钢国际
1327,002508,老板电器
1328,000777,中核科技
1329,300208,青岛中程
1330,600983,惠而浦
1331,300644,南京聚隆
1332,603156,养元饮品
1333,000862,银星能源
1334,300164,通源石油
1335,601000,唐山港
1336,002574,明牌珠宝
1337,002502,鼎龙文化
1338,002142,宁波银行
1339,601698,中国卫通
1340,002448,中原内配
1341,600997,开滦股份
1342,002816,和科达
1343,600077,宋都股份
1344,002049,紫光国微
1345,002041,登海种业
1346,600217,中再资环
1347,600122,宏图高科
1348,002038,双鹭药业
1349,002184,海得控制
1350,002077,大港股份
1351,300699,光威复材
1352,600482,中国动力
1353,603727,博迈科
1354,300677,英科医疗
1355,300279,和晶科技
1356,000861,海印股份
1357,600890,中房股份
1358,600863,内蒙华电
1359,600231,凌钢股份
1360,600381,青海春天
1361,300254,仟源医药
1362,000723,美锦能源
1363,300154,瑞凌股份
1364,600419,天润乳业
1365,600512,腾达建设
1366,603337,杰克股份
1367,600406,国电南瑞
1368,600586,金晶科技
1369,600520,文一科技
1370,000659,珠海中富
1371,000629,攀钢钒钛
1372,300789,唐源电气
1373,000983,西山煤电
1374,600360,华微电子
1375,600704,物产中大
1376,601238,广汽集团
1377,300619,金银河
1378,601975,招商南油
1379,600017,日照港
1380,603729,龙韵股份
1381,600125,铁龙物流
1382,000910,大亚圣象
1383,600751,海航科技
1384,300442,普丽盛
1385,002154,报 喜 鸟
1386,000753,漳州发展
1387,000059,华锦股份
1388,002532,新界泵业
1389,601020,华钰矿业
1390,601398,工商银行
1391,002218,拓日新能
1392,603697,有友食品
1393,300383,光环新网
1394,600968,海油发展
1395,300645,正元智慧
1396,002579,中京电子
1397,600637,东方明珠
1398,002069,獐子岛
1399,000793,华闻集团
1400,300537,广信材料
1401,002314,南山控股
1402,600054,黄山旅游
1403,000970,中科三环
1404,601188,龙江交通
1405,002497,雅化集团
1406,600578,京能电力
1407,600581,八一钢铁
1408,002007,华兰生物
1409,300762,上海瀚讯
1410,002620,瑞和股份
1411,600190,锦州港
1412,300120,经纬辉开
1413,600050,中国联通
1414,002032,苏 泊 尔
1415,603015,弘讯科技
1416,300373,扬杰科技
1417,600322,天房发展
1418,002342,巨力索具
1419,000048,康达尔
1420,000838,财信发展
1421,300713,英可瑞
1422,002170,芭田股份
1423,603359,东珠生态
1424,600853,龙建股份
1425,002836,新宏泽
1426,601800,中国交建
1427,603268,松发股份
1428,000528,柳 工
1429,600960,渤海汽车
1430,600567,山鹰纸业
1431,300476,胜宏科技
1432,000561,烽火电子
1433,603277,银都股份
1434,002672,东江环保
1435,300147,香雪制药
1436,000410,*ST沈机
1437,300511,雪榕生物
1438,002411,延安必康
1439,600620,天宸股份
1440,601588,北辰实业
1441,600598,北大荒
1442,603380,易德龙
1443,002092,中泰化学
1444,300245,天玑科技
1445,600533,栖霞建设
1446,002133,广宇集团
1447,300692,中环环保
1448,002694,顾地科技
1449,600601,方正科技
1450,000927,一汽夏利
1451,300319,麦捷科技
1452,300099,精准信息
1453,601718,际华集团
1454,000540,中天金融
1455,002013,中航机电
1456,600801,华新水泥
1457,603608,天创时尚
1458,601515,东风股份
1459,600338,西藏珠峰
1460,000078,海王生物
1461,600312,平高电气
1462,603041,美思德
1463,603012,创力集团
1464,603693,江苏新能
1465,603878,武进不锈
1466,600072,中船科技
1467,000930,中粮科技
1468,600320,振华重工
1469,600697,欧亚集团
1470,000719,中原传媒
1471,002806,华锋股份
1472,300549,优德精密
1473,600327,大东方
1474,002112,三变科技
1475,300509,新美星
1476,000010,*ST美丽
1477,300497,富祥股份
1478,601179,中国西电
1479,000627,天茂集团
1480,002085,万丰奥威
1481,300779,惠城环保
1482,300595,欧普康视
1483,002441,众业达
1484,603299,苏盐井神
1485,600031,三一重工
1486,600790,轻纺城
1487,600238,ST椰岛
1488,603912,佳力图
1489,600724,宁波富达
1490,300448,浩云科技
1491,000761,本钢板材
1492,603713,密尔克卫
1493,002099,海翔药业
1494,000725,京东方Ａ
1495,603605,珀莱雅
1496,002923,润都股份
1497,600305,恒顺醋业
1498,601288,农业银行
1499,603678,火炬电子
1500,600516,方大炭素
1501,002600,领益智造
1502,002635,安洁科技
1503,600605,汇通能源
1504,300117,嘉寓股份
1505,603766,隆鑫通用
1506,600509,天富能源
1507,300621,维业股份
1508,600716,凤凰股份
1509,300333,兆日科技
1510,002439,启明星辰
1511,300650,太龙照明
1512,300512,中亚股份
1513,002409,雅克科技
1514,601199,江南水务
1515,000532,华金资本
1516,300329,海伦钢琴
1517,300720,海川智能
1518,603885,吉祥航空
1519,601789,宁波建工
1520,002490,山东墨龙
1521,002155,湖南黄金
1522,603607,京华激光
1523,300282,三盛教育
1524,600082,海泰发展
1525,002392,北京利尔
1526,601619,嘉泽新能
1527,300543,朗科智能
1528,601008,连云港
1529,600249,两面针
1530,000514,渝 开 发
1531,600502,安徽建工
1532,002377,国创高新
1533,600551,时代出版
1534,600499,科达洁能
1535,300610,晨化股份
1536,600959,江苏有线
1537,002661,克明面业
1538,603969,银龙股份
1539,600435,北方导航
1540,000617,中油资本
1541,000685,中山公用
1542,600741,华域汽车
1543,603616,韩建河山
1544,002875,安奈儿
1545,002788,鹭燕医药
1546,300458,全志科技
1547,600277,亿利洁能
1548,002282,博深股份
1549,603927,中科软
1550,000056,皇庭国际
1551,601127,小康股份
1552,603488,展鹏科技
1553,600549,厦门钨业
1554,300393,中来股份
1555,601900,南方传媒
1556,603306,华懋科技
1557,600963,岳阳林纸
1558,600896,览海投资
1559,002244,滨江集团
1560,603099,长白山
1561,002956,西麦食品
1562,600765,中航重机
1563,002223,鱼跃医疗
1564,002925,盈趣科技
1565,600345,长江通信
1566,600888,新疆众和
1567,600257,大湖股份
1568,002265,西仪股份
1569,600405,动力源
1570,603861,白云电器
1571,600236,桂冠电力
1572,601088,中国神华
1573,002955,鸿合科技
1574,603617,君禾股份
1575,600596,新安股份
1576,002454,松芝股份
1577,000858,五 粮 液
1578,600845,宝信软件
1579,601865,福莱特
1580,603936,博敏电子
1581,300515,三德科技
1582,603877,太平鸟
1583,300103,达刚控股
1584,002125,湘潭电化
1585,601208,东材科技
1586,002564,天沃科技
1587,600078,澄星股份
1588,600828,茂业商业
1589,600584,长电科技
1590,603619,中曼石油
1591,002446,盛路通信
1592,300158,振东制药
1593,002317,众生药业
1594,002039,黔源电力
1595,000151,中成股份
1596,000912,泸天化
1597,600594,益佰制药
1598,300149,量子生物
1599,002494,华斯股份
1600,002144,宏达高科
1601,002533,金杯电工
1602,000615,京汉股份
1603,000541,佛山照明
1604,603000,人民网
1605,000403,振兴生化
1606,300086,康芝药业
1607,603856,东宏股份
1608,300389,艾比森
1609,600241,时代万恒
1610,002226,江南化工
1611,600185,格力地产
1612,002254,泰和新材
1613,603113,金能科技
1614,000301,东方盛虹
1615,603283,赛腾股份
1616,600756,浪潮软件
1617,002139,拓邦股份
1618,000978,桂林旅游
1619,300172,中电环保
1620,600814,杭州解百
1621,000034,神州数码
1622,601989,中国重工
1623,300390,天华超净
1624,002455,百川股份
1625,000070,特发信息
1626,002873,新天药业
1627,600211,西藏药业
1628,300122,智飞生物
1629,601828,美凯龙
1630,603606,东方电缆
1631,300082,奥克股份
1632,002745,木林森
1633,603050,科林电气
1634,600051,宁波联合
1635,603067,振华股份
1636,000950,重药控股
1637,300523,辰安科技
1638,603728,鸣志电器
1639,600590,泰豪科技
1640,601857,中国石油
1641,300290,荣科科技
1642,600879,航天电子
1643,600644,乐山电力
1644,002033,丽江旅游
1645,300691,联合光电
1646,600600,青岛啤酒
1647,600987,航民股份
1648,600566,济川药业
1649,601162,天风证券
1650,300534,陇神戎发
1651,600525,长园集团
1652,300501,海顺新材
1653,000566,海南海药
1654,603639,海利尔
1655,603970,中农立华
1656,000798,中水渔业
1657,603578,三星新材
1658,603101,汇嘉时代
1659,002513,蓝丰生化
1660,603332,苏州龙杰
1661,603683,晶华新材
1662,002506,协鑫集成
1663,300538,同益股份
1664,300215,电科院
1665,600088,中视传媒
1666,002607,中公教育
1667,000708,中信特钢
1668,603858,步长制药
1669,600647,同达创业
1670,600160,巨化股份
1671,603260,合盛硅业
1672,300092,科新机电
1673,300546,雄帝科技
1674,000759,中百集团
1675,002581,未名医药
1676,000905,厦门港务
1677,002756,永兴材料
1678,002295,精艺股份
1679,600021,上海电力
1680,002010,传化智联
1681,300662,科锐国际
1682,603583,捷昌驱动
1683,601928,凤凰传媒
1684,300536,农尚环境
1685,603871,嘉友国际
1686,300747,锐科激光
1687,603667,五洲新春
1688,300440,运达科技
1689,002054,德美化工
1690,300626,华瑞股份
1691,603566,普莱柯
1692,000713,丰乐种业
1693,002417,深南股份
1694,002877,智能自控
1695,002561,徐家汇
1696,002457,青龙管业
1697,002396,星网锐捷
1698,000989,九 芝 堂
1699,603085,天成自控
1700,600153,建发股份
1701,002187,广百股份
1702,000802,北京文化
1703,002192,融捷股份
1704,002365,永安药业
1705,002915,中欣氟材
1706,600706,曲江文旅
1707,603716,塞力斯
1708,000931,中 关 村
1709,000408,藏格控股
1710,603988,中电电机
1711,300381,溢多利
1712,603238,诺邦股份
1713,600508,上海能源
1714,002935,天奥电子
1715,300507,苏奥传感
1716,600729,重庆百货
1717,300402,宝色股份
1718,600136,当代明诚
1719,300142,沃森生物
1720,603108,润达医疗
1721,002427,*ST尤夫
1722,000779,甘咨询
1723,000666,经纬纺机
1724,601155,新城控股
1725,603777,来伊份
1726,300636,同和药业
1727,002493,荣盛石化
1728,300664,鹏鹞环保
1729,601360,三六零
1730,603798,康普顿
1731,000423,东阿阿胶
1732,600774,汉商集团
1733,300545,联得装备
1734,300328,宜安科技
1735,600138,中青旅
1736,603089,正裕工业
1737,002669,康达新材
1738,002795,永和智控
1739,603803,瑞斯康达
1740,000002,万 科Ａ
1741,002648,卫星石化
1742,600668,尖峰集团
1743,002605,姚记科技
1744,300500,启迪设计
1745,603226,菲林格尔
1746,002718,友邦吊顶
1747,601869,长飞光纤
1748,002368,太极股份
1749,603031,安德利
1750,603320,迪贝电气
1751,603776,永安行
1752,300676,华大基因
1753,002865,钧达股份
1754,002953,日丰股份
1755,600563,法拉电子
1756,300678,中科信息
1757,300688,创业黑马
1758,600183,生益科技
1759,002813,路畅科技
1760,300696,爱乐达
1761,300756,中山金马
1762,300473,德尔股份
1763,603919,金徽酒
1764,603900,莱绅通灵
1765,603889,新澳股份
1766,603657,春光科技
1767,603579,荣泰健康
1768,603536,惠发食品
1769,603421,鼎信通讯
1770,603389,亚振家居
1771,603321,梅轮电梯
1772,603301,振德医疗
1773,603297,永新光学
1774,603217,元利科技
1775,603178,圣龙股份
1776,603159,上海亚虹
1777,603111,康尼机电
1778,603090,宏盛股份
1779,603083,剑桥科技
1780,603009,北特科技
1781,601996,丰林集团
1782,601949,中国出版
1783,601899,紫金矿业
1784,601890,亚星锚链
1785,601866,中远海发
1786,601558,ST锐电
1787,601518,吉林高速
1788,601388,怡球资源
1789,601326,秦港股份
1790,601212,白银有色
1791,601139,深圳燃气
1792,601126,四方股份
1793,601028,玉龙股份
1794,601018,宁波港
1795,601010,文峰股份
1796,601005,重庆钢铁
1797,601003,柳钢股份
1798,600989,宝丰能源
1799,600985,淮北矿业
1800,600982,宁波热电
1801,600939,重庆建工
1802,600883,博闻科技
1803,600876,洛阳玻璃
1804,600873,梅花生物
1805,600869,智慧能源
1806,600854,春兰股份
1807,600844,丹化科技
1808,600836,界龙实业
1809,600823,世茂股份
1810,600808,马钢股份
1811,600798,宁波海运
1812,600780,通宝能源
1813,600778,友好集团
1814,600744,华银电力
1815,600727,鲁北化工
1816,600726,*ST华源
1817,600723,首商股份
1818,600694,大商股份
1819,600691,阳煤化工
1820,600684,珠江实业
1821,600658,电子城
1822,600653,申华控股
1823,600614,*ST鹏起
1824,600569,安阳钢铁
1825,600565,迪马股份
1826,600545,卓郎智能
1827,600531,豫光金铅
1828,600495,晋西车轴
1829,600488,天药股份
1830,600481,双良节能
1831,600475,华光股份
1832,600428,中远海特
1833,600400,红豆股份
1834,600399,ST抚钢
1835,600370,三房巷
1836,600355,精伦电子
1837,600339,中油工程
1838,600329,中新药业
1839,600300,维维股份
1840,600293,三峡新材
1841,600290,华仪电气
1842,600287,江苏舜天
1843,600281,太化股份
1844,600280,中央商场
1845,600279,重庆港九
1846,600251,冠农股份
1847,600247,ST成城
1848,600213,亚星客车
1849,600197,伊力特
1850,600169,太原重工
1851,600166,福田汽车
1852,600149,ST坊展
1853,600145,*ST新亿
1854,600139,西部资源
1855,600130,波导股份
1856,600128,弘业股份
1857,600121,郑州煤电
1858,600108,亚盛集团
1859,600100,同方股份
1860,600089,特变电工
1861,600069,银鸽投资
1862,600022,山东钢铁
1863,600010,包钢股份
1864,600008,首创股份
1865,600006,东风汽车
1866,300802,矩子科技
1867,300796,贝斯美
1868,300758,七彩化学
1869,300749,顶固集创
1870,300683,海特生物
1871,300674,宇信科技
1872,300517,海波重科
1873,300496,中科创达
1874,300457,赢合科技
1875,300430,诚益通
1876,300358,楚天科技
1877,300354,东华测试
1878,300352,北信源
1879,300351,永贵电器
1880,300332,天壕环境
1881,300272,开能健康
1882,300255,常山药业
1883,300198,纳川股份
1884,300195,长荣股份
1885,300185,通裕重工
1886,300166,东方国信
1887,300150,世纪瑞尔
1888,300112,万讯自控
1889,300110,华仁药业
1890,300107,建新股份
1891,300080,易成新能
1892,300068,南都电源
1893,300066,三川智慧
1894,300021,大禹节水
1895,002909,集泰股份
1896,002906,华阳集团
1897,002851,麦格米特
1898,002829,星网宇达
1899,002749,国光股份
1900,002739,万达电影
1901,002712,思美传媒
1902,002689,远大智能
1903,002665,首航节能
1904,002663,普邦股份
1905,002631,德尔未来
1906,002628,成都路桥
1907,002611,东方精工
1908,002593,日上集团
1909,002590,万安科技
1910,002573,清新环境
1911,002556,辉隆股份
1912,002554,惠博普
1913,002553,南方轴承
1914,002542,中化岩土
1915,002538,司尔特
1916,002535,林州重机
1917,002526,山东矿机
1918,002516,旷达科技
1919,002489,浙江永强
1920,002470,金正大
1921,002453,华软科技
1922,002450,*ST康得
1923,002436,兴森科技
1924,002434,万里扬
1925,002431,棕榈股份
1926,002406,远东传动
1927,002400,省广集团
1928,002394,联发股份
1929,002388,新亚制程
1930,002385,大北农
1931,002345,潮宏基
1932,002344,海宁皮城
1933,002338,奥普光电
1934,002323,*ST百特
1935,002310,东方园林
1936,002306,ST云网
1937,002284,亚太股份
1938,002256,兆新股份
1939,002249,大洋电机
1940,002245,澳洋顺昌
1941,002240,威华股份
1942,002225,濮耐股份
1943,002219,恒康医疗
1944,002206,海 利 得
1945,002204,大连重工
1946,002195,二三四五
1947,002174,游族网络
1948,002173,创新医疗
1949,002166,莱茵生物
1950,002150,通润装备
1951,002149,西部材料
1952,002145,中核钛白
1953,002137,麦达数字
1954,002114,罗平锌电
1955,002094,青岛金王
1956,002060,粤 水 电
1957,002057,中钢天源
1958,002056,横店东磁
1959,001965,招商公路
1960,001896,豫能控股
1961,000969,安泰科技
1962,000952,广济药业
1963,000926,福星股份
1964,000919,金陵药业
1965,000880,潍柴重机
1966,000837,秦川机床
1967,000826,启迪环境
1968,000820,*ST节能
1969,000803,金宇车城
1970,000801,四川九洲
1971,000782,美达股份
1972,000760,*ST斯太
1973,000752,*ST西发
1974,000751,锌业股份
1975,000731,四川美丰
1976,000718,苏宁环球
1977,000717,韶钢松山
1978,000709,河钢股份
1979,000703,恒逸石化
1980,000700,模塑科技
1981,000690,宝新能源
1982,000655,金岭矿业
1983,000631,顺发恒业
1984,000609,中迪投资
1985,000599,青岛双星
1986,000592,平潭发展
1987,000548,湖南投资
1988,000543,皖能电力
1989,000521,长虹美菱
1990,000519,中兵红箭
1991,000509,华塑控股
1992,000498,山东路桥
1993,000417,合肥百货
1994,000402,金 融 街
1995,000157,中联重科
1996,000100,TCL 集团
1997,000090,天健集团
1998,000068,华控赛格
1999,000035,中国天楹
2000,000029,深深房Ａ
2001,000018,*ST神城
2002,300657,弘信电子
2003,603908,牧高笛
2004,600498,烽火通信
2005,002792,通宇通讯
2006,600265,ST景谷
2007,603185,上机数控
2008,600519,贵州茅台
2009,300700,岱勒新材
2010,002335,科华恒盛
2011,600378,昊华科技
2012,300424,航新科技
2013,603110,东方材料
2014,600685,中船防务
2015,601069,西部黄金
2016,002849,威星智能
2017,603599,广信股份
2018,601116,三江购物
2019,600977,中国电影
2020,002275,桂林三金
2021,002544,杰赛科技
2022,300666,江丰电子
2023,603800,道森股份
2024,002832,比音勒芬
2025,603500,祥和实业
2026,000411,英特集团
2027,002376,新北洋
2028,300065,海兰信
2029,600742,一汽富维
2030,002557,洽洽食品
2031,601566,九牧王
2032,000901,航天科技
2033,002120,韵达股份
2034,002860,星帅尔
2035,603680,今创集团
2036,002384,东山精密
2037,300743,天地数码
2038,603527,众源新材
2039,002698,博实股份
2040,600380,健康元
2041,002424,贵州百灵
2042,002080,中材科技
2043,603960,克来机电
2044,600283,钱江水利
2045,600560,金自天正
2046,603809,豪能股份
2047,002555,三七互娱
2048,603001,奥康国际
2049,601888,中国国旅
2050,002251,步 步 高
2051,300766,每日互动
2052,600343,航天动力
2053,300232,洲明科技
2054,600557,康缘药业
2055,300755,华致酒行
2056,002115,三维通信
2057,002326,永太科技
2058,300284,苏交科
2059,603019,中科曙光
2060,300248,新开普
2061,002541,鸿路钢构
2062,002639,雪人股份
2063,300162,雷曼光电
2064,002697,红旗连锁
2065,603901,永创智能
2066,603003,龙宇燃油
2067,600522,中天科技
2068,000819,岳阳兴长
2069,600487,亨通光电
2070,603998,方盛制药
2071,300687,赛意信息
2072,002116,中国海诚
2073,601077,渝农商行
2074,002136,安 纳 达
2075,601012,隆基股份
2076,600810,神马股份
2077,300049,福瑞股份
2078,300268,佳沃股份
2079,002481,双塔食品
2080,600180,瑞茂通
2081,002405,四维图新
2082,002343,慈文传媒
2083,300539,横河模具
2084,600686,金龙汽车
2085,600367,红星发展
2086,002667,鞍重股份
2087,603903,中持股份
2088,600929,湖南盐业
2089,601611,中国核建
2090,600372,中航电子
2091,603528,多伦科技
2092,002545,东方铁塔
2093,000881,中广核技
2094,300294,博雅生物
2095,603978,深圳新星
2096,002520,日发精机
2097,000153,丰原药业
2098,601798,ST蓝科
2099,002946,新乳业
2100,000788,北大医药
2101,002008,大族激光
2102,000957,中通客车
2103,603458,勘设股份
2104,000632,三木集团
2105,000829,天音控股
2106,000544,中原环保
2107,600330,天通股份
2108,603685,晨丰科技
2109,600436,片仔癀
2110,000159,国际实业
2111,300075,数字政通
2112,002096,南岭民爆
2113,601368,绿城水务
2114,000906,浙商中拓
2115,600379,宝光股份
2116,002621,美吉姆
2117,300035,中科电气
2118,002775,文科园林
2119,600559,老白干酒
2120,600011,华能国际
2121,000088,盐 田 港
2122,000619,海螺型材
2123,603183,建研院
2124,300286,安科瑞
2125,000795,英洛华
2126,300140,中环装备
2127,600115,东方航空
2128,300651,金陵体育
2129,002821,凯莱英
2130,002064,华峰氨纶
2131,000020,深华发Ａ
2132,300599,雄塑科技
2133,002559,亚威股份
2134,002492,恒基达鑫
2135,603138,海量数据
2136,300521,爱司凯
2137,600133,东湖高新
2138,002148,北纬科技
2139,300665,飞鹿股份
2140,002782,可立克
2141,000856,冀东装备
2142,002912,中新赛克
2143,300606,金太阳
2144,002088,鲁阳节能
2145,300465,高伟达
2146,300583,赛托生物
2147,600418,江淮汽车
2148,300115,长盈精密
2149,603328,依顿电子
2150,603711,香飘飘
2151,603968,醋化股份
2152,603880,南卫股份
2153,603656,泰禾光电
2154,002055,得润电子
2155,600192,长城电工
2156,600388,龙净环保
2157,603696,安记食品
2158,300563,神宇股份
2159,002163,中航三鑫
2160,002651,利君股份
2161,002568,百润股份
2162,000830,鲁西化工
2163,600350,山东高速
2164,600268,国电南自
2165,600599,熊猫金控
2166,600862,中航高科
2167,603387,基蛋生物
2168,002717,岭南股份
2169,600073,上海梅林
2170,002609,捷顺科技
2171,600222,太龙药业
2172,300446,乐凯新材
2173,603789,星光农机
2174,300320,海达股份
2175,600961,株冶集团
2176,300223,北京君正
2177,600866,星湖科技
2178,300020,银江股份
2179,000014,沙河股份
2180,002899,英派斯
2181,300408,三环集团
2182,300585,奥联电子
2183,603157,拉夏贝尔
2184,300611,美力科技
2185,000055,方大集团
2186,601669,中国电建
2187,000012,南 玻Ａ
2188,002232,启明信息
2189,000792,*ST盐湖
2190,300283,温州宏丰
2191,300263,隆华科技
2192,300101,振芯科技
2193,002347,泰尔股份
2194,600859,王府井
2195,600308,华泰股份
2196,603139,康惠制药
2197,600758,红阳能源
2198,002702,海欣食品
2199,600057,厦门象屿
2200,002361,神剑股份
2201,300157,恒泰艾普
2202,603010,万盛股份
2203,002633,申科股份
2204,600478,科力远
2205,300656,民德电子
2206,601339,百隆东方
2207,603056,德邦股份
2208,600619,海立股份
2209,000036,华联控股
2210,603365,水星家纺
2211,300238,冠昊生物
2212,002763,汇洁股份
2213,603348,文灿股份
2214,002002,鸿达兴业
2215,300047,天源迪科
2216,300557,理工光科
2217,002329,皇氏集团
2218,603980,吉华集团
2219,002929,润建股份
2220,601318,中国平安
2221,300070,碧水源
2222,002129,中环股份
2223,000404,长虹华意
2224,300715,凯伦股份
2225,600410,华胜天成
2226,002246,北化股份
2227,600165,新日恒力
2228,003816,中国广核
2229,300243,瑞丰高材
2230,300340,科恒股份
2231,600843,上工申贝
2232,300231,银信科技
2233,000510,新金路
2234,002652,扬子新材
2235,603669,灵康药业
2236,300022,吉峰科技
2237,300244,迪安诊断
2238,300304,云意电气
2239,600894,广日股份
2240,600712,南宁百货
2241,300204,舒泰神
2242,002022,科华生物
2243,000993,闽东电力
2244,002283,天润曲轴
2245,000922,佳电股份
2246,300210,森远股份
2247,002864,盘龙药业
2248,600880,博瑞传播
2249,300527,中国应急
2250,600791,京能置业
2251,300266,兴源环境
2252,600847,万里股份
2253,002884,凌霄泵业
2254,002178,延华智能
2255,603192,汇得科技
2256,000605,渤海股份
2257,300024,机器人
2258,600638,新黄浦
2259,600107,美尔雅
2260,600734,实达集团
2261,002227,奥 特 迅
2262,600834,申通地铁
2263,600841,上柴股份
2264,603917,合力科技
2265,000008,神州高铁
2266,000680,山推股份
2267,300447,全信股份
2268,002658,雪迪龙
2269,600665,天地源
2270,600868,梅雁吉祥
2271,600104,上汽集团
2272,002393,力生制药
2273,002255,海陆重工
2274,600256,广汇能源
2275,300145,中金环境
2276,600094,大名城
2277,601113,ST华鼎
2278,300554,三超新材
2279,300002,神州泰岳
2280,000558,莱茵体育
2281,000551,创元科技
2282,002787,华源控股
2283,002297,博云新材
2284,600117,西宁特钢
2285,601015,陕西黑猫
2286,300325,德威新材
2287,002566,益盛药业
2288,002847,盐津铺子
2289,600196,复星医药
2290,000707,ST双环
2291,300555,路通视信
2292,300370,安控科技
2293,002523,天桥起重
2294,600702,舍得酒业
2295,300197,铁汉生态
2296,603356,华菱精工
2297,300547,川环科技
2298,600789,鲁抗医药
2299,603918,金桥信息
2300,002325,洪涛股份
2301,000019,深粮控股
2302,600990,四创电子
2303,600080,金花股份
2304,002339,积成电子
2305,300337,银邦股份
2306,000503,国新健康
2307,600199,金种子酒
2308,002940,昂利康
2309,603739,蔚蓝生物
2310,603416,信捷电气
2311,600203,福日电子
2312,000545,金浦钛业
2313,601908,京运通
2314,600252,中恒集团
2315,300008,天海防务
2316,300590,移为通信
2317,603060,国检集团
2318,600587,新华医疗
2319,002504,弘高创意
2320,000780,平庄能源
2321,300324,旋极信息
2322,600007,中国国贸
2323,600172,黄河旋风
2324,002304,洋河股份
2325,002498,汉缆股份
2326,603133,碳元科技
2327,002262,恩华药业
2328,600351,亚宝药业
2329,300095,华伍股份
2330,300725,药石科技
2331,300227,光韵达
2332,002015,协鑫能科
2333,300093,金刚玻璃
2334,300346,南大光电
2335,600019,宝钢股份
2336,300733,西菱动力
2337,601872,招商轮船
2338,601777,力帆股份
2339,300384,三联虹普
2340,002380,科远智慧
2341,300025,华星创业
2342,300462,华铭智能
2343,601366,利群股份
2344,600493,凤竹纺织
2345,002467,二六三
2346,600489,中金黄金
2347,002796,世嘉科技
2348,600184,光电股份
2349,002879,长缆科技
2350,600593,大连圣亚
2351,002350,北京科锐
2352,603351,威尔药业
2353,600585,海螺水泥
2354,603100,川仪股份
2355,300125,易世达
2356,601068,中铝国际
2357,600663,陆家嘴
2358,603982,泉峰汽车
2359,002613,北玻股份
2360,600429,三元股份
2361,603025,大豪科技
2362,300640,德艺文创
2363,300300,汉鼎宇佑
2364,000533,顺钠股份
2365,300350,华鹏飞
2366,603676,卫信康
2367,600839,四川长虹
2368,600710,苏美达
2369,002856,美芝股份
2370,603626,科森科技
2371,600552,凯盛科技
2372,600356,恒丰纸业
2373,600577,精达股份
2374,600693,东百集团
2375,600770,综艺股份
2376,600393,粤泰股份
2377,600187,国中水务
2378,600617,国新能源
2379,603357,设计总院
2380,600173,卧龙地产
2381,300135,宝利国际
2382,601006,大秦铁路
2383,002468,申通快递
2384,002360,同德化工
2385,002662,京威股份
2386,300010,立思辰
2387,603585,苏利股份
2388,300742,越博动力
2389,603655,朗博科技
2390,600511,国药股份
2391,002196,方正电机
2392,300273,和佳股份
2393,000976,华铁股份
2394,600141,兴发集团
2395,300221,银禧科技
2396,002336,*ST人乐
2397,300505,川金诺
2398,002432,九安医疗
2399,600635,大众公用
2400,002353,杰瑞股份
2401,300388,国祯环保
2402,300628,亿联网络
2403,000552,靖远煤电
2404,002802,洪汇新材
2405,000681,视觉中国
2406,002943,宇晶股份
2407,002589,瑞康医药
2408,002842,翔鹭钨业
2409,000767,漳泽电力
2410,603011,合锻智能
2411,603773,沃格光电
2412,600645,中源协和
2413,603080,新疆火炬
2414,601898,中煤能源
2415,002576,通达动力
2416,600776,东方通信
2417,600805,悦达投资
2418,002630,华西能源
2419,000903,云内动力
2420,300484,蓝海华腾
2421,603388,元成股份
2422,603890,春秋电子
2423,002729,好利来
2424,000756,新华制药
2425,603767,中马传动
2426,603700,宁波水表
2427,300309,吉艾科技
2428,002881,美格智能
2429,002920,德赛西威
2430,600182,S佳通
2431,002412,汉森制药
2432,000963,华东医药
2433,603456,九洲药业
2434,300217,东方电热
2435,300111,向日葵
2436,300405,科隆股份
2437,002855,捷荣技术
2438,300726,宏达电子
2439,300334,津膜科技
2440,300270,中威电子
2441,002644,佛慈制药
2442,000882,华联股份
2443,300519,新光药业
2444,300451,创业慧康
2445,300074,华平股份
2446,300044,赛为智能
2447,002452,长高集团
2448,000683,远兴能源
2449,600556,ST慧球
2450,600588,用友网络
2451,600375,华菱星马
2452,002006,精功科技
2453,603636,南威软件
2454,600162,香江控股
2455,002264,新 华 都
2456,002152,广电运通
2457,300173,智慧松德
2458,002703,浙江世宝
2459,002878,元隆雅图
2460,000936,华西股份
2461,600408,ST安泰
2462,000037,深南电A
2463,000421,南京公用
2464,600215,长春经开
2465,600827,百联股份
2466,300767,震安科技
2467,002274,华昌化工
2468,002623,亚玛顿
2469,002319,乐通股份
2470,000650,仁和药业
2471,002093,国脉科技
2472,000657,中钨高新
2473,300607,拓斯达
2474,300308,中际旭创
2475,600576,祥源文化
2476,300193,佳士科技
2477,000948,南天信息
2478,002305,南国置业
2479,000917,电广传媒
2480,603017,中衡设计
2481,300378,鼎捷软件
2482,002355,兴民智通
2483,601369,陕鼓动力
2484,002476,宝莫股份
2485,603444,吉比特
2486,300741,华宝股份
2487,603768,常青股份
2488,600090,同济堂
2489,601689,拓普集团
2490,002229,鸿博股份
2491,300061,康旗股份
2492,002243,通产丽星
2493,600838,上海九百
2494,300133,华策影视
2495,600967,内蒙一机
2496,300570,太辰光
2497,600114,东睦股份
2498,000859,国风塑业
2499,600783,鲁信创投
2500,300401,花园生物
2501,603020,爱普股份
2502,002599,盛通股份
2503,600137,浪莎股份
2504,603508,思维列控
2505,603989,艾华集团
2506,600979,广安爱众
2507,600127,金健米业
2508,002691,冀凯股份
2509,002250,联化科技
2510,000628,高新发展
2511,300357,我武生物
2512,300560,中富通
2513,600275,ST昌鱼
2514,300634,彩讯股份
2515,300516,久之洋
2516,600366,宁波韵升
2517,300170,汉得信息
2518,300702,天宇股份
2519,002618,丹邦科技
2520,603016,新宏泰
2521,600688,上海石化
2522,603928,兴业股份
2523,603926,铁流股份
2524,002364,中恒电气
2525,600398,海澜之家
2526,002546,新联电子
2527,002164,宁波东力
2528,002025,航天电器
2529,300265,通光线缆
2530,600132,重庆啤酒
2531,603118,共进股份
2532,002267,陕天然气
2533,603239,浙江仙通
2534,002514,宝馨科技
2535,002382,蓝帆医疗
2536,603329,上海雅仕
2537,600152,维科技术
2538,603369,今世缘
2539,000530,大冷股份
2540,600333,长春燃气
2541,603165,荣晟环保
2542,002911,佛燃股份
2543,002725,跃岭股份
2544,603557,起步股份
2545,300654,世纪天鸿
2546,603345,安井食品
2547,002123,梦网集团
2548,002519,银河电子
2549,600649,城投控股
2550,002687,乔治白
2551,002617,露笑科技
2552,603188,ST亚邦
2553,000897,*ST津滨
2554,300190,维尔利
2555,002616,长青集团
2556,000768,中航飞机
2557,600189,吉林森工
2558,300591,万里马
2559,600091,ST明科
2560,300050,世纪鼎利
2561,002811,亚泰国际
2562,600403,大有能源
2563,600175,美都能源
2564,600210,紫江企业
2565,603327,福蓉科技
2566,603577,汇金通
2567,600004,白云机场
2568,601799,星宇股份
2569,000524,岭南控股
2570,603568,伟明环保
2571,300649,杭州园林
2572,300503,昊志机电
2573,000400,许继电气
2574,000011,深物业A
2575,603818,曲美家居
2576,300040,九洲电气
2577,002752,昇兴股份
2578,002857,三晖电气
2579,300036,超图软件
2580,300005,探路者
2581,002921,联诚精密
2582,002512,达华智能
2583,600760,中航沈飞
2584,002330,得利斯
2585,600981,汇鸿集团
2586,603698,航天工程
2587,002886,沃特股份
2588,603828,柯利达
2589,300359,全通教育
2590,300596,利安隆
2591,603556,海兴电力
2592,002791,坚朗五金
2593,300202,聚龙股份
2594,600892,大晟文化
2595,600855,航天长峰
2596,600229,城市传媒
2597,300508,维宏股份
2598,000929,兰州黄河
2599,000006,深振业Ａ
2600,600708,光明地产
2601,300437,清水源
2602,002271,东方雨虹
2603,600396,*ST金山
2604,600221,海航控股
2605,600163,中闽能源
2606,300091,金通灵
2607,300392,腾信股份
2608,002037,久联发展
2609,002378,章源钨业
2610,000651,格力电器
2611,300403,汉宇集团
2612,000572,*ST 海马
2613,600753,东方银星
2614,600650,锦江投资
2615,300078,思创医惠
2616,002189,中光学
2617,002327,富安娜
2618,600422,昆药集团
2619,300236,上海新阳
2620,000736,中交地产
2621,002348,高乐股份
2622,600824,益民集团
2623,000959,首钢股份
2624,601567,三星医疗
2625,300625,三雄极光
2626,603829,洛凯股份
2627,000665,湖北广电
2628,000821,京山轻机
2629,002885,京泉华
2630,603055,台华新材
2631,600311,荣华实业
2632,000938,紫光股份
2633,300056,三维丝
2634,002952,亚世光电
2635,601678,滨化股份
2636,300550,和仁科技
2637,000902,新洋丰
2638,000875,吉电股份
2639,000518,四环生物
2640,600796,钱江生化
2641,000966,长源电力
2642,300396,迪瑞医疗
2643,300600,瑞特股份
2644,000812,陕西金叶
2645,000089,深圳机场
2646,002645,华宏科技
2647,002866,传艺科技
2648,600730,中国高科
2649,002636,金安国纪
2650,000576,广东甘化
2651,000698,沈阳化工
2652,603045,福达合金
2653,300721,怡达股份
2654,600523,贵航股份
2655,300015,爱尔眼科
2656,000554,泰山石油
2657,002391,长青股份
2658,000026,飞亚达Ａ
2659,600284,浦东建设
2660,002248,华东数控
2661,601086,国芳集团
2662,600592,龙溪股份
2663,002595,豪迈科技
2664,600608,ST沪科
2665,300708,聚灿光电
2666,603860,中公高科
2667,600550,保变电气
2668,002730,电光科技
2669,000608,阳光股份
2670,300753,爱朋医疗
2671,600857,宁波中百
2672,300129,泰胜风能
2673,000050,深天马Ａ
2674,300672,国科微
2675,300588,熙菱信息
2676,603610,麒盛科技
2677,600558,大西洋
2678,300772,运达股份
2679,002132,恒星科技
2680,002027,分众传媒
2681,000672,上峰水泥
2682,300433,蓝思科技
2683,603339,四方科技
2684,002781,奇信股份
2685,600835,上海机电
2686,002061,浙江交科
2687,300771,智莱科技
2688,002882,金龙羽
2689,300016,北陆药业
2690,000099,中信海直
2691,300134,大富科技
2692,000885,城发环境
2693,002017,东信和平
2694,300343,联创股份
2695,300137,先河环保
2696,002622,融钰集团
2697,600025,华能水电
2698,300051,三五互联
2699,002910,庄园牧场
2700,000635,英 力 特
2701,600262,北方股份
2702,002583,海能达
2703,002288,超华科技
2704,300407,凯发电气
2705,600988,赤峰黄金
2706,002021,*ST中捷
2707,000757,浩物股份
2708,600817,ST宏盛
2709,300344,太空智造
2710,000790,泰合健康
2711,601111,中国国航
2712,603038,华立股份
2713,300063,天龙集团
2714,002789,建艺集团
2715,603333,尚纬股份
2716,603330,上海天洋
2717,300597,吉大通信
2718,002734,利民股份
2719,300443,金雷股份
2720,600775,南京熊猫
2721,300297,蓝盾股份
2722,002215,诺 普 信
2723,603963,大理药业
2724,603916,苏博特
2725,300098,高新兴
2726,601606,长城军工
2727,600335,国机汽车
2728,300522,世名科技
2729,601599,鹿港文化
2730,600239,云南城投
2731,000017,深中华A
2732,600618,氯碱化工
2733,600157,永泰能源
2734,000692,惠天热电
2735,603258,电魂网络
2736,300335,迪森股份
2737,002386,天原集团
2738,600725,ST云维
2739,000063,中兴通讯
2740,603991,至正股份
2741,002682,龙洲股份
2742,300081,恒信东方
2743,002190,*ST集成
2744,002755,奥赛康
2745,601579,会稽山
2746,603466,风语筑
2747,002121,科陆电子
2748,603115,海星股份
2749,603896,寿仙谷
2750,300594,朗进科技
2751,300126,锐奇股份
2752,603386,广东骏亚
2753,600992,贵绳股份
2754,002168,惠程科技
2755,603701,德宏股份
2756,603726,朗迪集团
2757,603286,日盈电子
2758,600623,华谊集团
2759,603810,ST丰山
2760,002760,凤形股份
2761,603105,芯能科技
2762,300746,汉嘉设计
2763,300689,澄天伟业
2764,000506,中润资源
2765,300159,新研股份
2766,603008,喜临门
2767,002565,顺灏股份
2768,603499,翔港科技
2769,002228,合兴包装
2770,002902,铭普光磁
2771,002762,金发拉比
2772,300589,江龙船艇
2773,600353,旭光股份
2774,600807,ST天业
2775,600634,*ST富控
2776,002830,名雕股份
2777,002869,金溢科技
2778,300174,元力股份
2779,300138,晨光生物
2780,601330,绿色动力
2781,600337,美克家居
2782,000023,深天地Ａ
2783,000568,泸州老窖
2784,000755,山西路桥
2785,002941,新疆交建
2786,603029,天鹅股份
2787,603817,海峡环保
2788,300513,恒实科技
2789,603922,金鸿顺
2790,603558,健盛集团
2791,603223,恒通股份
2792,600969,郴电国际
2793,000523,广州浪奇
2794,000701,厦门信达
2795,000705,浙江震元
2796,002890,弘宇股份
2797,603737,三棵树
2798,000565,渝三峡Ａ
2799,600053,九鼎投资
2800,300336,新文化
2801,002715,登云股份
2802,000042,中洲控股
2803,600540,新赛股份
2804,600530,交大昂立
2805,002588,史丹利
2806,002485,希努尔
2807,002480,新筑股份
2808,300310,宜通世纪
2809,600539,ST狮头
2810,300053,欧比特
2811,002793,东音股份
2812,600469,风神股份
2813,300398,飞凯材料
2814,000625,长安汽车
2815,600633,浙数文化
2816,300528,幸福蓝海
2817,300280,紫天科技
2818,002602,世纪华通
2819,600898,国美通讯
2820,603992,松霖科技
2821,601965,中国汽研
2822,600973,宝胜股份
2823,002105,信隆健康
2824,002090,金智科技
2825,603033,三维股份
2826,000150,宜华健康
2827,002066,瑞泰科技
2828,600361,华联综超
2829,300301,长方集团
2830,300293,蓝英装备
2831,000738,航发控制
2832,603660,苏州科达
2833,300079,数码科技
2834,603335,迪生力
2835,600784,鲁银投资
2836,300569,天能重工
2837,600386,北巴传媒
2838,300479,神思电子
2839,603897,长城科技
2840,002194,武汉凡谷
2841,603703,盛洋科技
2842,000863,三湘印象
2843,300180,华峰超纤
2844,300311,任子行
2845,300364,中文在线
2846,002416,爱施德
2847,002141,贤丰控股
2848,603882,金域医学
2849,300163,先锋新材
2850,600207,安彩高科
2851,600113,浙江东日
2852,600358,国旅联合
2853,300668,杰恩设计
2854,300472,新元科技
2855,000598,兴蓉环境
2856,300617,安靠智电
2857,603586,金麒麟
2858,002372,伟星新材
2859,600018,上港集团
2860,300048,合康新能
2861,002414,高德红外
2862,600297,广汇汽车
2863,300637,扬帆新材
2864,002177,御银股份
2865,600743,华远地产
2866,603955,大千生态
2867,300191,潜能恒信
2868,603203,快克股份
2869,603712,七一二
2870,603198,迎驾贡酒
2871,600661,昂立教育
2872,600235,民丰特纸
2873,002551,尚荣医疗
2874,600303,曙光股份
2875,300084,海默科技
2876,002585,双星新材
2877,300391,康跃科技
2878,300011,鼎汉技术
2879,600833,第一医药
2880,000839,中信国安
2881,002363,隆基机械
2882,002352,顺丰控股
2883,603535,嘉诚国际
2884,002722,金轮股份
2885,603429,集友股份
2886,300729,乐歌股份
2887,300347,泰格医药
2888,002550,千红制药
2889,002529,海源复材
2890,300525,博思软件
2891,603169,兰石重装
2892,300552,万集科技
2893,600336,澳柯玛
2894,002503,搜于特
2895,600714,金瑞矿业
2896,300752,隆利科技
2897,300671,富满电子
2898,600819,耀皮玻璃
2899,300327,中颖电子
2900,002462,嘉事堂
2901,002109,兴化股份
2902,603603,博天环境
2903,002917,金奥博
2904,002289,*ST宇顺
2905,300374,恒通科技
2906,603308,应流股份
2907,600846,同济科技
2908,002825,纳尔股份
2909,600227,圣济堂
2910,002157,正邦科技
2911,300776,帝尔激光
2912,002313,日海智能
2913,300062,中能电气
2914,000695,滨海能源
2915,002823,凯中精密
2916,002592,八菱科技
2917,600444,国机通用
2918,002259,*ST升达
2919,600582,天地科技
2920,600527,江南高纤
2921,300299,富春股份
2922,300386,飞天诚信
2923,603906,龙蟠科技
2924,600771,广誉远
2925,300179,四方达
2926,300441,鲍斯股份
2927,000038,深大通
2928,603520,司太立
2929,603002,宏昌电子
2930,603686,龙马环卫
2931,600038,中直股份
2932,603883,老百姓
2933,002474,榕基软件
2934,603366,日出东方
2935,603958,哈森股份
2936,300423,鲁亿通
2937,603496,恒为科技
2938,600310,桂东电力
2939,300365,恒华科技
2940,603733,仙鹤股份
2941,603039,泛微网络
2942,603189,网达软件
2943,300682,朗新科技
2944,002214,大立科技
2945,002748,世龙实业
2946,601886,江河集团
2947,300481,濮阳惠成
2948,000806,ST银河
2949,600276,恒瑞医药
2950,300694,蠡湖股份
2951,002562,兄弟科技
2952,000633,合金投资
2953,600917,重庆燃气
2954,300504,天邑股份
2955,600612,老凤祥
2956,603187,海容冷链
2957,600200,江苏吴中
2958,300641,正丹股份
2959,600589,广东榕泰
2960,300225,金力泰
2961,300192,科斯伍德
2962,002193,如意集团
2963,603256,宏和科技
2964,600561,江西长运
2965,603076,乐惠国际
2966,603666,亿嘉和
2967,601002,晋亿实业
2968,600212,江泉实业
2969,600288,大恒科技
2970,002619,艾格拉斯
2971,300276,三丰智能
2972,002767,先锋电子
2973,603518,锦泓集团
2974,300506,名家汇
2975,002713,东易日盛
2976,600636,三爱富
2977,603569,长久物流
2978,603233,大参林
2979,300305,裕兴股份
2980,002646,青青稞酒
2981,603650,彤程新材
2982,600664,哈药股份
2983,002491,通鼎互联
2984,000600,建投能源
2985,000595,宝塔实业
2986,002430,杭氧股份
2987,300269,联建光电
2988,000596,古井贡酒
2989,603117,万林物流
2990,002443,金洲管道
2991,600273,嘉化能源
2992,002374,丽鹏股份
2993,600143,金发科技
2994,300132,青松股份
2995,600099,林海股份
2996,300184,力源信息
2997,000985,大庆华科
2998,600768,宁波富邦
2999,600728,佳都科技
3000,300006,莱美药业
3001,300690,双一科技
3002,002895,川恒股份
3003,300252,金信诺
3004,603938,三孚股份
3005,600573,惠泉啤酒
3006,603319,湘油泵
3007,300411,金盾股份
3008,300578,会畅通讯
3009,000422,ST宜化
3010,600116,三峡水利
3011,600529,山东药玻
3012,002567,唐人神
3013,600518,ST康美
3014,601021,春秋航空
3015,300363,博腾股份
3016,002298,中电兴发
3017,002539,云图控股
3018,603725,天安新材
3019,000823,超声电子
3020,002615,哈尔斯
3021,300034,钢研高纳
3022,300307,慈星股份
3023,002547,春兴精工
3024,300491,通合科技
3025,000587,金洲慈航
3026,002826,易明医药
3027,002082,万邦德
3028,601218,吉鑫科技
3029,600532,宏达矿业
3030,300719,安达维尔
3031,000667,美好置业
3032,002118,紫鑫药业
3033,300382,斯莱克
3034,600096,云天化
3035,002113,ST天润
3036,688188,柏楚电子
3037,300532,今天国际
3038,600675,中华企业
3039,603602,纵横通信
3040,300573,兴齐眼药
3041,600682,南京新百
3042,300425,环能科技
3043,000030,富奥股份
3044,002337,赛象科技
3045,300620,光库科技
3046,000407,胜利股份
3047,002738,中矿资源
3048,300495,美尚生态
3049,300019,硅宝科技
3050,002472,双环传动
3051,300576,容大感光
3052,002050,三花智控
3053,600575,淮河能源
3054,002034,旺能环境
3055,601958,金钼股份
3056,300427,红相股份
3057,002333,*ST罗普
3058,603278,大业股份
3059,600267,海正药业
3060,002747,埃斯顿
3061,300778,新城市
3062,002753,永东股份
3063,002649,博彦科技
3064,600903,贵州燃气
3065,603305,旭升股份
3066,000715,中兴商业
3067,300453,三鑫医疗
3068,600629,华建集团
3069,000636,风华高科
3070,600272,开开实业
3071,002527,新时达
3072,600648,外高桥
3073,600676,交运股份
3074,002779,中坚科技
3075,300237,美晨生态
3076,000428,华天酒店
3077,600382,广东明珠
3078,002486,嘉麟杰
3079,300421,力星股份
3080,603098,森特股份
3081,002461,珠江啤酒
3082,300785,值得买
3083,603007,花王股份
3084,002731,萃华珠宝
3085,002367,康力电梯
3086,300471,厚普股份
3087,300765,新诺威
3088,002322,理工环科
3089,002216,三全食品
3090,300469,信息发展
3091,002285,世联行
3092,002068,黑猫股份
3093,300260,新莱应材
3094,600228,ST昌九
3095,300716,国立科技
3096,300261,雅本化学
3097,300514,友讯达
3098,300740,御家汇
3099,603679,华体科技
3100,002659,凯文教育
3101,002790,瑞尔特
3102,002239,奥特佳
3103,688009,中国通号
3104,000918,嘉凯城
3105,600148,长春一东
3106,300228,富瑞特装
3107,600248,延长化建
3108,300485,赛升药业
3109,002517,恺英网络
3110,600156,华升股份
3111,300355,蒙草生态
3112,300722,新余国科
3113,300187,永清环保
3114,000607,华媒控股
3115,002435,长江健康
3116,603123,翠微股份
3117,600365,通葡股份
3118,300490,华自科技
3119,000925,众合科技
3120,300739,明阳电路
3121,002569,*ST步森
3122,000973,佛塑科技
3123,600732,ST新梅
3124,600715,文投控股
3125,300349,金卡智能
3126,300258,精锻科技
3127,002770,科迪乳业
3128,603506,南都物业
3129,600452,涪陵电力
3130,300412,迦南科技
3131,600129,太极集团
3132,300697,电工合金
3133,002706,良信电器
3134,300553,集智股份
3135,300435,中泰股份
3136,600803,新奥股份
3137,002880,卫光生物
3138,603779,威龙股份
3139,300171,东富龙
3140,002158,汉钟精机
3141,603218,日月股份
3142,603229,奥翔药业
3143,300419,浩丰科技
3144,002614,奥佳华
3145,002437,誉衡药业
3146,002161,远 望 谷
3147,603517,绝味食品
3148,601016,节能风电
3149,300165,天瑞仪器
3150,300387,富邦股份
3151,002044,美年健康
3152,000955,欣龙控股
3153,002863,今飞凯达
3154,300428,四通新材
3155,600242,中昌数据
3156,002765,蓝黛传动
3157,603600,永艺股份
3158,300615,欣天科技
3159,300460,惠伦晶体
3160,002359,*ST北讯
3161,300012,华测检测
3162,601933,永辉超市
3163,002708,光洋股份
3164,300736,百邦科技
3165,600178,东安动力
3166,002536,飞龙股份
3167,300710,万隆光电
3168,601616,广电电气
3169,300362,天翔环境
3170,300315,掌趣科技
3171,603987,康德莱
3172,600764,中国海防
3173,600860,京城股份
3174,000409,ST地矿
3175,300417,南华仪器
3176,002951,金时科技
3177,300009,安科生物
3178,601177,杭齿前进
3179,600696,ST岩石
3180,600521,华海药业
3181,002279,久其软件
3182,603505,金石资源
3183,600052,浙江广厦
3184,002438,江苏神通
3185,603399,吉翔股份
3186,688016,心脉医疗
3187,002464,众应互联
3188,300042,朗科科技
3189,300444,双杰电气
3190,601677,明泰铝业
3191,000920,南方汇通
3192,603006,联明股份
3193,300565,科信技术
3194,002898,赛隆药业
3195,002421,达实智能
3196,002759,天际股份
3197,002420,*ST毅昌
3198,603859,能科股份
3199,600346,恒力石化
3200,002606,大连电瓷
3201,002379,宏创控股
3202,000799,酒鬼酒
3203,300659,中孚信息
3204,603983,丸美股份
3205,002778,高科石化
3206,603358,华达科技
3207,002871,伟隆股份
3208,002159,三特索道
3209,002666,德联集团
3210,300119,瑞普生物
3211,300738,奥飞数据
3212,603126,中材节能
3213,002634,棒杰股份
3214,300123,亚光科技
3215,000560,我爱我家
3216,603722,阿科力
3217,603977,国泰集团
3218,002071,长城影视
3219,603289,泰瑞机器
3220,300004,南风股份
3221,300058,蓝色光标
3222,002252,上海莱士
3223,600397,安源煤业
3224,300247,融捷健康
3225,002632,道明光学
3226,300461,田中精机
3227,002743,富煌钢构
3228,002741,光华科技
3229,002927,泰永长征
3230,300291,华录百纳
3231,002418,康盛股份
3232,002625,光启技术
3233,600740,山西焦化
3234,002655,共达电声
3235,300366,创意信息
3236,002598,山东章鼓
3237,300395,菲利华
3238,600984,建设机械
3239,002062,宏润建设
3240,600476,湘邮科技
3241,000887,中鼎股份
3242,600506,香梨股份
3243,603985,恒润股份
3244,603316,诚邦股份
3245,002742,三圣股份
3246,300680,隆盛科技
3247,600781,ST辅仁
3248,002947,恒铭达
3249,600538,国发股份
3250,603895,天永智能
3251,002586,ST围海
3252,002026,山东威达
3253,000546,金圆股份
3254,603590,康辰药业
3255,000836,富通鑫茂
3256,600543,莫高股份
3257,300630,普利制药
3258,002447,晨鑫科技
3259,002684,*ST猛狮
3260,600243,青海华鼎
3261,300394,天孚通信
3262,601700,风范股份
3263,300199,翰宇药业
3264,600692,亚通股份
3265,300100,双林股份
3266,000534,万泽股份
3267,300278,华昌达
3268,300706,阿石创
3269,300201,海伦哲
3270,300670,大烨智能
3271,300724,捷佳伟创
3272,300321,同大股份
3273,002601,龙蟒佰利
3274,002122,*ST天马
3275,600679,上海凤凰
3276,600501,航天晨光
3277,600613,神奇制药
3278,600112,ST天成
3279,300445,康斯特
3280,002735,王子新材
3281,603035,常熟汽饰
3282,603516,淳中科技
3283,002395,双象股份
3284,002459,天业通联
3285,603030,全筑股份
3286,600604,市北高新
3287,300693,盛弘股份
3288,601607,上海医药
3289,603267,鸿远电子
3290,603618,杭电股份
3291,603336,宏辉果蔬
3292,002664,长鹰信质
3293,002053,云南能投
3294,002104,恒宝股份
3295,002043,兔 宝 宝
3296,600721,*ST百花
3297,600503,华丽家族
3298,603867,新化股份
3299,000637,茂化实华
3300,300146,汤臣倍健
3301,300030,阳普医疗
3302,002907,华森制药
3303,300055,万邦达
3304,002046,轴研科技
3305,002913,奥士康
3306,002402,和而泰
3307,300456,耐威科技
3308,300717,华信新材
3309,300404,博济医药
3310,002928,华夏航空
3311,600671,天目药业
3312,600861,北京城乡
3313,300540,深冷股份
3314,300038,数知科技
3315,002334,英威腾
3316,002560,通达股份
3317,300203,聚光科技
3318,002401,中远海科
3319,603721,中广天择
3320,300156,神雾环保
3321,002147,ST新光
3322,600794,保税科技
3323,600302,标准股份
3324,002198,嘉应制药
3325,603269,海鸥股份
3326,002932,明德生物
3327,600029,南方航空
3328,300018,中元股份
3329,603755,日辰股份
3330,603966,法兰泰克
3331,603843,正平股份
3332,600568,中珠医疗
3333,300605,恒锋信息
3334,002835,同为股份
3335,600851,海欣股份
3336,300698,万马科技
3337,300281,金明精机
3338,300379,东方通
3339,600260,凯乐科技
3340,000972,ST中基
3341,603967,中创物流
3342,300057,万顺新材
3343,000591,太阳能
3344,603259,药明康德
3345,300455,康拓红外
3346,000520,长航凤凰
3347,600882,妙可蓝多
3348,002870,香山股份
3349,300502,新易盛
3350,300723,一品红
3351,000586,汇源通信
3352,000004,国农科技
3353,300071,华谊嘉信
3354,002426,胜利精密
3355,300763,锦浪科技
3356,002668,奥马电器
3357,600526,*ST菲达
3358,002705,新宝股份
3359,600626,申达股份
3360,603959,百利科技
3361,002671,龙泉股份
3362,002269,美邦服饰
3363,600237,铜峰电子
3364,002721,金一文化
3365,002896,中大力德
3366,300467,迅游科技
3367,300375,鹏翎股份
3368,600698,*ST天雁
3369,600640,号百控股
3370,300572,安车检测
3371,600628,新世界
3372,002357,富临运业
3373,000968,蓝焰控股
3374,603839,安正时尚
3375,300234,开尔新材
3376,300627,华测导航
3377,601258,*ST庞大
3378,002771,真视通
3379,000908,景峰医药
3380,603232,格尔软件
3381,603063,禾望电气
3382,600766,园城黄金
3383,300601,康泰生物
3384,002700,新疆浩源
3385,603708,家家悦
3386,002758,华通医药
3387,002199,东晶电子
3388,002905,金逸影视
3389,603990,麦迪科技
3390,300069,金利华电
3391,002341,新纶科技
3392,002451,摩恩电气
3393,603555,贵人鸟
3394,603899,晨光文具
3395,000550,江铃汽车
3396,000028,国药一致
3397,002014,永新股份
3398,002887,绿茵生态
3399,000949,新乡化纤
3400,603121,华培动力
3401,600547,山东黄金
3402,601007,金陵饭店
3403,603869,新智认知
3404,000593,大通燃气
3405,688012,中微公司
3406,603633,徕木股份
3407,300108,吉药控股
3408,000584,哈工智能
3409,000536,华映科技
3410,603168,莎普爱思
3411,002872,*ST天圣
3412,002403,爱仕达
3413,300151,昌红科技
3414,603595,东尼电子
3415,603533,掌阅科技
3416,002897,意华股份
3417,300707,威唐工业
3418,002868,绿康生化
3419,603822,嘉澳环保
3420,603689,皖天然气
3421,002711,*ST欧浦
3422,300096,易联众
3423,002237,恒邦股份
3424,300013,新宁物流
3425,002349,精华制药
3426,300559,佳发教育
3427,000676,智度股份
3428,300045,华力创通
3429,300422,博世科
3430,601969,海南矿业
3431,600105,永鼎股份
3432,002272,川润股份
3433,603186,华正新材
3434,600070,浙江富润
3435,002584,西陇科学
3436,600119,*ST长投
3437,300341,麦克奥迪
3438,688033,天宜上佳
3439,300032,金龙机电
3440,600131,岷江水电
3441,600146,商赢环球
3442,603066,音飞储存
3443,300686,智动力
3444,600966,博汇纸业
3445,600240,*ST华业
3446,002188,*ST巴士
3447,000662,天夏智慧
3448,002803,吉宏股份
3449,002124,天邦股份
3450,000679,大连友谊
3451,300094,国联水产
3452,601811,新华文轩
3453,603393,新天然气
3454,300041,回天新材
3455,603813,原尚股份
3456,002231,奥维通信
3457,603559,中通国脉
3458,300745,欣锐科技
3459,300175,朗源股份
3460,300220,金运激光
3461,002410,广联达
3462,002777,久远银海
3463,600066,宇通客车
3464,300289,利德曼
3465,002290,*ST中科
3466,002582,好想你
3467,002548,金新农
3468,300128,锦富技术
3469,000697,炼石航空
3470,002786,银宝山新
3471,002676,顺威股份
3472,603996,ST中新
3473,600667,太极实业
3474,300558,贝达药业
3475,000663,永安林业
3476,688388,嘉元科技
3477,002510,天汽模
3478,002107,沃华医药
3479,002501,*ST利源
3480,000529,广弘控股
3481,603311,金海环境
3482,600818,中路股份
3483,300582,英飞特
3484,600624,复旦复华
3485,603681,永冠新材
3486,002442,龙星化工
3487,603222,济民制药
3488,002626,金达威
3489,600306,商业城
3490,002942,新农股份
3491,603379,三美股份
3492,300791,仙乐健康
3493,002901,大博医疗
3494,600470,六国化工
3495,002858,力盛赛车
3496,688066,航天宏图
3497,000766,通化金马
3498,300144,宋城演艺
3499,603588,高能环境
3500,600086,东方金钰
3501,300483,沃施股份
3502,002891,中宠股份
3503,688068,热景生物
3504,603200,上海洗霸
3505,002482,广田集团
3506,600255,梦舟股份
3507,002303,美盈森
3508,603613,国联股份
3509,002180,纳思达
3510,002838,道恩股份
3511,600891,*ST秋林
3512,002893,华通热力
3513,002045,国光电器
3514,600731,湖南海利
3515,300109,新开源
3516,002558,巨人网络
3517,300167,迪威迅
3518,300264,佳创视讯
3519,002266,浙富控股
3520,300759,康龙化成
3521,603706,东方环宇
3522,000739,普洛药业
3523,002845,同兴达
3524,600391,航发科技
3525,002100,天康生物
3526,002473,圣莱达
3527,300624,万兴科技
3528,002354,天神娱乐
3529,002773,康弘药业
3530,300064,豫金刚石
3531,002563,森马服饰
3532,000892,欢瑞世纪
3533,300673,佩蒂股份
3534,300330,华虹计通
3535,002719,麦趣尔
3536,603887,城地股份
3537,000975,银泰黄金
3538,688122,西部超导
3539,603088,宁波精达
3540,300685,艾德生物
3541,600321,ST正源
3542,300459,金科文化
3543,300730,科创信息
3544,300410,正业科技
3545,603707,健友股份
3546,300102,乾照光电
3547,600331,宏达股份
3548,300076,GQY视讯
3549,600316,洪都航空
3550,300253,卫宁健康
3551,000570,苏常柴Ａ
3552,002740,爱迪尔
3553,300298,三诺生物
3554,300675,建科院
3555,300153,科泰电源
3556,300482,万孚生物
3557,002524,光正集团
3558,300431,暴风集团
3559,688020,方邦股份
3560,688029,南微医学
3561,600602,云赛智联
3562,300592,华凯创意
3563,002640,跨境通
3564,688015,交控科技
3565,002930,宏川智慧
3566,000835,长城动漫
3567,002201,九鼎新材
3568,688036,传音控股
3569,300751,迈为股份
3570,002699,美盛文化
3571,600689,上海三毛
3572,600662,强生控股
3573,300768,迪普科技
3574,002072,*ST凯瑞
3575,000032,深桑达Ａ
3576,300783,三只松鼠
3577,603360,百傲化学
3578,000620,新华联
3579,002642,*ST荣联
3580,603220,中贝通信
3581,002167,东方锆业
3582,002892,科力尔
3583,603797,联泰环保
3584,002571,德力股份
3585,000040,东旭蓝天
3586,688010,福光股份
3587,000603,盛达资源
3588,603629,利通电子
3589,002471,中超控股
3590,300454,深信服
3591,600815,*ST厦工
3592,300230,永利股份
3593,300518,盛讯达
3594,002509,天广中茂
3595,601882,海天精工
3596,000691,亚太实业
3597,300067,安诺其
3598,600986,科达股份
3599,000669,金鸿控股
3600,600822,上海物贸
3601,600630,龙头股份
3602,300400,劲拓股份
3603,600848,上海临港
3604,688168,安博通
3605,600707,彩虹股份
3606,603322,超讯通信
3607,002963,豪尔赛
3608,600198,大唐电信
3609,688002,睿创微纳
3610,600477,杭萧钢构
3611,002086,ST东海洋
3612,002965,祥鑫科技
3613,603131,上海沪工
3614,002270,华明装备
3615,300160,秀强股份
3616,603128,华贸物流
3617,688368,晶丰明源
3618,002169,智光电气
3619,688116,天奈科技
3620,600208,新湖中宝
3621,688001,华兴源创
3622,688058,宝兰德
3623,300287,飞利信
3624,600579,克劳斯
3625,300090,盛运环保
3626,688099,晶晨股份
3627,688007,光峰科技
3628,688022,瀚川智能
3629,688321,微芯生物
3630,300017,网宿科技
3631,688011,新光光电
3632,002370,亚太药业
3633,002724,海洋王
3634,688003,天准科技
3635,000737,ST南风
3636,002776,柏堡龙
3637,002089,*ST新海
3638,600701,*ST工新
3639,002316,亚联发展
3640,600746,江苏索普
3641,603690,至纯科技
3642,300312,邦讯技术
3643,688005,容百科技
3644,600250,南纺股份
3645,600826,兰生股份
3646,603377,东方时尚
3647,600895,张江高科
3648,603648,畅联股份
3649,600767,ST运盛
3650,600319,ST亚星
3651,600485,*ST信威
3652,000504,*ST生物
3653,600877,*ST电能
3654,600748,上实发展
3655,688333,铂力特
3656,600870,ST厦华
3657,688088,虹软科技
3658,600462,*ST九有
3659,603081,大丰实业
3660,603127,昭衍新药
3661,688028,沃尔德
3662,300562,乐心医疗
3663,300214,日科化学
3664,603787,新日股份
3665,688006,杭可科技
3666,300342,天银机电
3667,688025,杰普特
3668,002774,快意电梯
3669,300499,高澜股份
3670,603717,天域生态
3671,300222,科大智能
3672,603378,亚士创能
3673,688139,海尔生物
3674,002876,三利谱
3675,300612,宣亚国际
3676,002919,名臣健康
3677,601011,宝泰隆
3678,300235,方直科技
3679,002799,环球印务
3680,688366,昊海生科
3681,300262,巴安水务
3682,002328,新朋股份
3683,603022,新通联
3684,300795,米奥兰特
3685,002552,宝鼎科技
3686,002079,苏州固锝
3687,688108,赛诺医疗
3688,688369,致远互联
3689,688030,山石网科
3690,600278,东方创业
3691,603078,江化微
3692,000426,兴业矿业
3693,300046,台基股份
3694,600615,丰华股份
3695,600416,湘电股份
3696,600491,龙元建设
3697,603318,派思股份
3698,300240,飞力达
3699,300256,星星科技
3700,300089,文化长城
3701,688098,申联生物
3702,600610,*ST毅达
3703,600074,*ST保千
3704,300806,斯迪克
3705,300805,电声股份
3706,300803,指南针
3707,300801,泰和科技
3708,300800,力合科技
3709,300798,锦鸡股份
3710,300564,筑博设计
3711,300216,千山药机
3712,300104,乐视网
3713,300028,金亚科技
3714,002968,新大正
3715,002967,广电计量
3716,002604,*ST龙力
3717,002260,*ST德奥
3718,000995,*ST皇台
3719,000939,*ST凯迪
3720,688363,华熙生物
3721,688300,联瑞新材
3722,688299,长阳科技
3723,688288,鸿泉物联
3724,688196,卓越新能
3725,688166,博瑞医药
3726,688138,清溢光电
3727,688111,金山办公
3728,688101,三达膜
3729,688021,奥福环保
3730,603489,八方股份
3731,601916,浙商银行
3732,601658,邮储银行
